TICKER,Date,Open,High,Low,Close,Adj Close,Volume,H-L,C-O,7 DAYS MA,14 DAYS MA,21 DAYS MA,7 DAYS STD DEV,Next Day Close
FREN.JK,2018-10-17,99.609924,103.594322,99.609924,101.602127,101.602127,31567536,3.984398,1.992203,100.6060267,104.590424,107.2466888,2.439935508,99.609924
FREN.JK,2018-10-18,101.602127,101.602127,99.609924,99.609924,99.609924,11819002,1.992203,-1.992203,100.1791271,103.8077746,106.7249225,1.805584072,98.613831
FREN.JK,2018-10-19,99.609924,101.602127,98.613831,98.613831,98.613831,12570534,2.988296,-0.996093,99.89452671,102.8828249,106.1082894,1.697688862,104.590424
FREN.JK,2018-10-22,99.609924,110.567017,99.609924,104.590424,104.590424,248715771,10.957093,4.9805,99.32532714,101.9578759,105.3967899,1.248675875,101.602127
FREN.JK,2018-10-23,104.590424,106.582619,100.606026,101.602127,101.602127,62938706,5.976593,-2.988297,100.3214264,101.6732761,104.96989,2.129749814,99.609924
FREN.JK,2018-10-24,101.602127,104.590424,98.613831,99.609924,99.609924,51488442,5.976593,-1.992203,100.6060269,101.3175266,104.5429905,2.151820239,100.606026
FREN.JK,2018-10-25,99.609924,101.602127,98.613831,100.606026,100.606026,32020703,2.988296,0.996102,100.6060269,101.1040764,104.0212241,2.151820239,100.606026
FREN.JK,2018-10-26,100.606026,101.602127,98.613831,100.606026,100.606026,14605170,2.988296,0,100.8906261,100.7483264,103.357158,1.96833942,98.613831
FREN.JK,2018-10-29,100.606026,101.602127,98.613831,98.613831,98.613831,19491330,2.988296,-1.992195,100.748326,100.4637266,102.7879584,1.944187015,98.613831
FREN.JK,2018-10-30,99.609924,100.606026,98.613831,98.613831,98.613831,10565312,1.992195,-0.996093,100.606027,100.2502769,102.1238923,2.0735455,100.606026
FREN.JK,2018-10-31,99.609924,103.594322,98.613831,100.606026,100.606026,16133934,4.980491,0.996102,100.606027,99.96567707,101.5072596,2.0735455,99.609924
FREN.JK,2018-11-01,100.606026,114.551414,97.617729,99.609924,99.609924,334023533,16.933685,-0.996102,100.0368273,100.1791269,101.1277931,1.129469492,98.613831
FREN.JK,2018-11-02,99.609924,101.602127,98.613831,98.613831,98.613831,51161266,2.988296,-0.996093,99.75222686,100.1791269,100.79576,0.8962244316,98.613831
FREN.JK,2018-11-05,99.609924,101.602127,98.613831,98.613831,98.613831,16871209,2.988296,-0.996093,99.60992786,100.1079774,100.6060269,0.9960975,99.609924
FREN.JK,2018-11-06,99.609924,100.606026,98.613831,99.609924,99.609924,28151210,1.992195,0,99.32532857,100.1079774,100.2739938,0.947477488,98.613831
FREN.JK,2018-11-07,99.609924,100.606026,98.613831,98.613831,98.613831,26928038,1.992195,-0.996093,99.18302829,99.96567714,100.0368271,0.7837245048,100.606026
FREN.JK,2018-11-08,99.609924,103.594322,99.609924,100.606026,100.606026,60927561,3.984398,0.996102,99.18302829,99.89452764,99.89452733,0.7837245048,100.606026
FREN.JK,2018-11-09,101.602127,102.598228,99.609924,100.606026,100.606026,40316463,2.988304,-0.996101,99.46762757,100.0368273,99.79966057,0.8962239552,99
FREN.JK,2018-11-12,101,101,99,99,99,12905200,2,-2,99.46762757,99.75222743,99.94196043,0.8962239552,97
FREN.JK,2018-11-13,99,100,95,97,97,17834600,5,-2,99.38049557,99.56636121,99.91291643,0.9096324937,96
FREN.JK,2018-11-14,97,99,96,96,96,10692900,3,-1,99.14994829,99.37993807,99.78863433,1.269613319,97
FREN.JK,2018-11-15,97,99,95,97,97,18506500,4,0,98.77654386,99.05093621,99.66416619,1.747867476,94
FREN.JK,2018-11-16,97,97,92,94,94,44016100,5,-3,98.40369757,98.79336293,99.44501729,1.817449193,92
FREN.JK,2018-11-19,94,97,92,92,92,28695200,5,-2,97.74457886,98.46380357,99.17787805,2.453774755,92
FREN.JK,2018-11-20,92,92,92,92,92,0,0,0,96.51514657,97.99138707,98.86293371,2.897062984,86
FREN.JK,2018-11-21,92,92,84,86,86,85853700,8,-6,95.28571429,97.37667093,98.26338971,2.690370837,83
FREN.JK,2018-11-22,86,87,83,83,83,27115900,4,-3,93.42857143,96.4045335,97.52043129,3.90969491,85
FREN.JK,2018-11-23,83,89,82,85,85,28111500,7,2,91.42857143,95.28925986,96.72948252,5.15936504,89
FREN.JK,2018-11-26,85,92,83,89,89,51491400,9,4,89.85714286,94.31684336,95.98633843,5.209880723,83
FREN.JK,2018-11-27,89,96,83,83,83,137636700,13,-6,88.71428571,93.55899164,95.43367052,4.151878519,78
FREN.JK,2018-11-28,84,84,78,78,78,55372300,6,-6,87.14285714,92.443718,94.69015476,3.891382421,82
FREN.JK,2018-11-29,79,85,79,82,82,73444000,6,3,85.14285714,90.82900186,93.70854376,4.525062483,81
FREN.JK,2018-11-30,82,87,80,81,81,128734200,7,-1,83.71428571,89.5,92.82254252,3.450327797,82
FREN.JK,2018-12-03,81,86,80,82,82,88314400,6,1,83,88.21428571,91.93635567,3.415650255,82
FREN.JK,2018-12-04,82,84,81,82,82,24384600,3,0,82.85714286,87.14285714,91.14522086,3.436498772,80
FREN.JK,2018-12-05,82,82,79,80,80,19407200,3,-2,82.42857143,86.14285714,90.35408605,3.309438163,78
FREN.JK,2018-12-06,80,81,78,78,78,37741400,3,-2,81.14285714,84.92857143,89.42028014,1.67616342,81
FREN.JK,2018-12-07,80,84,78,81,81,52583400,6,1,80.42857143,83.78571429,88.43866914,1.812653934,79
FREN.JK,2018-12-10,82,82,79,79,79,14445200,3,-3,80.85714286,83,87.50504886,1.463850109,77
FREN.JK,2018-12-11,80,80,77,77,77,14477700,3,-3,80.42857143,82.07142857,86.47619048,1.511857892,75
FREN.JK,2018-12-12,79,79,73,75,75,30965500,6,-4,79.85714286,81.42857143,85.42857143,1.951800146,77
FREN.JK,2018-12-13,76,78,73,77,77,27534400,5,1,78.85714286,80.85714286,84.38095238,2.410295378,83
FREN.JK,2018-12-14,80,85,78,83,83,141980700,7,3,78.14285714,80.28571429,83.47619048,2.035400978,83
FREN.JK,2018-12-17,84,88,83,83,83,143365600,5,-1,78.57142857,79.85714286,82.80952381,2.699206233,82
FREN.JK,2018-12-18,83,84,80,82,82,42623100,4,-1,79.28571429,79.85714286,82.28571429,3.14718317,82
FREN.JK,2018-12-19,82,84,81,82,82,19411200,3,0,79.42857143,80.14285714,81.80952381,3.258688021,81
FREN.JK,2018-12-20,82,82,80,81,81,15280000,2,-1,79.85714286,80.14285714,81.33333333,3.38765265,78
FREN.JK,2018-12-21,82,82,78,78,78,29885000,4,-4,80.42857143,80.14285714,81.0952381,3.154739443,78
FREN.JK,2018-12-24,78,78,78,78,78,0,0,0,80.85714286,79.85714286,80.85714286,2.410295378,78
FREN.JK,2018-12-25,78,78,78,78,78,0,0,0,81,79.57142857,80.52380952,2.160246899,76
FREN.JK,2018-12-26,77,79,75,76,76,16784200,4,-1,80.28571429,79.42857143,80,2.214669706,79
FREN.JK,2018-12-27,77,82,77,79,79,37176600,5,2,79.28571429,79.28571429,79.66666667,2.360387377,78
FREN.JK,2018-12-28,79,83,78,78,78,30125900,5,-1,78.85714286,79.14285714,79.71428571,2.035400978,78
FREN.JK,2018-12-31,78,78,78,78,78,0,0,0,78.28571429,79.07142857,79.52380952,1.496026483,78
FREN.JK,2019-01-01,78,78,78,78,78,0,0,0,77.85714286,79.14285714,79.38095238,0.8997354108,79
FREN.JK,2019-01-02,79,80,77,79,79,26298400,3,0,77.85714286,79.35714286,79.19047619,0.8997354108,78
FREN.JK,2019-01-03,79,81,78,78,78,13837700,3,-1,78,79.5,79.04761905,1,80
FREN.JK,2019-01-04,79,82,78,80,80,40207700,4,1,78,79.14285714,78.95238095,1,80
FREN.JK,2019-01-07,81,84,80,80,80,41838500,4,-1,78.57142857,78.92857143,79.04761905,0.7867957925,97
FREN.JK,2019-01-08,80,102,80,97,97,569574600,22,17,78.71428571,78.78571429,79,0.9511897312,95
FREN.JK,2019-01-09,100,103,93,95,95,238595500,10,-5,81.42857143,79.85714286,79.85714286,6.924765769,89
FREN.JK,2019-01-10,96,97,88,89,89,142748700,9,-7,83.85714286,80.85714286,80.71428571,8.355209382,95
FREN.JK,2019-01-11,92,96,89,95,95,107607500,7,3,85.42857143,81.64285714,81.38095238,8.100558476,97
FREN.JK,2019-01-14,97,102,96,97,97,154111200,6,0,87.71428571,82.85714286,82.23809524,8.24043457,102
FREN.JK,2019-01-15,98,106,96,102,102,269610000,10,4,90.42857143,84.21428571,82.9047619,7.61264612,99
FREN.JK,2019-01-16,103,104,99,99,99,90237400,5,-4,93.57142857,86.07142857,83.80952381,7.114706432,98
FREN.JK,2019-01-17,100,102,98,98,98,49126900,4,-2,96.28571429,87.5,84.61904762,4.029652,100
FREN.JK,2019-01-18,99,101,97,100,100,55600200,4,1,96.42857143,88.92857143,85.38095238,4.076646614,106
FREN.JK,2019-01-21,101,109,101,106,106,223233600,8,5,97.14285714,90.5,86.28571429,4.220133151,113
FREN.JK,2019-01-22,109,115,104,113,113,273245900,11,4,99.57142857,92.5,87.61904762,3.598941643,120
FREN.JK,2019-01-23,115,122,113,120,120,370806500,9,5,102.1428571,94.92857143,89.28571429,5.639993246,116
FREN.JK,2019-01-24,120,124,113,116,116,164408000,11,-4,105.4285714,97.92857143,91.28571429,8.243323417,116
FREN.JK,2019-01-25,116,119,114,116,116,59467800,5,0,107.4285714,100.5,93.19047619,8.941609528,116
FREN.JK,2019-01-28,117,122,116,116,116,99545100,6,-1,109.8571429,103.0714286,94.95238095,8.571825388,115
FREN.JK,2019-01-29,117,117,114,115,115,39988000,3,-2,112.4285714,104.4285714,96.76190476,6.972736021,133
FREN.JK,2019-01-30,116,133,115,133,133,348480500,18,17,114.5714286,105.8571429,98.52380952,4.314979446,147
FREN.JK,2019-01-31,140,149,134,147,147,422936800,15,7,118.4285714,109,101.1428571,6.754187414,136
FREN.JK,2019-02-01,147,148,135,136,136,186268400,13,-11,123.2857143,112.7142857,104.3809524,12.21630448,141
FREN.JK,2019-02-04,136,145,136,141,141,121071900,9,5,125.5714286,115.5,107.1428571,12.97249838,141
FREN.JK,2019-02-05,141,141,141,141,141,0,0,0,129.1428571,118.2857143,110.047619,13.33452376,188
FREN.JK,2019-02-06,142,190,142,188,188,739375500,48,46,132.7142857,121.2857143,112.952381,12.55274586,186
FREN.JK,2019-02-07,188,224,180,186,186,969312800,44,-2,143,127.7142857,117.2857143,22.29349681,212
FREN.JK,2019-02-08,186,212,180,212,212,435970800,32,26,153.1428571,133.8571429,121.6190476,23.54731812,210
FREN.JK,2019-02-11,218,236,208,210,210,479106800,28,-8,164.4285714,141.4285714,127.4761905,30.25919774,208
FREN.JK,2019-02-12,212,226,189,208,208,302788600,37,-4,173.4285714,148.3571429,132.952381,33.41585025,199
FREN.JK,2019-02-13,212,216,196,199,199,155740600,20,-13,183.7142857,154.6428571,138.2380952,30.9661874,264
FREN.JK,2019-02-14,200,264,196,264,264,853469900,68,64,192,160.5714286,142.8571429,24.77229635,264
FREN.JK,2019-02-15,264,264,264,264,264,0,0,0,209.5714286,171.1428571,150.7142857,26.15248327,298
FREN.JK,2019-02-18,254,314,250,298,298,864182000,64,44,220.4285714,181.7142857,158.6190476,31.02610268,288
FREN.JK,2019-02-19,302,324,282,288,288,625066700,42,-14,236.4285714,194.7857143,168.047619,38.33126288,284
FREN.JK,2019-02-20,288,306,272,284,284,440308100,34,-4,247.2857143,205.8571429,176.7142857,40.93374438,290
FREN.JK,2019-02-21,290,300,284,290,290,172816100,16,0,257.8571429,215.6428571,184.8571429,39.21916441,282
FREN.JK,2019-02-22,294,294,280,282,282,70985000,14,-12,269.5714286,226.6428571,192.952381,33.70389267,312
FREN.JK,2019-02-25,282,314,282,312,312,396956800,32,30,281.4285714,236.7142857,200.8571429,12.9467775,302
FREN.JK,2019-02-26,316,334,298,302,302,581258300,36,-14,288.2857143,248.9285714,210.1904762,14.76159754,298
FREN.JK,2019-02-27,304,310,292,298,298,174490400,18,-6,293.7142857,257.0714286,219.047619,10.79682493,284
FREN.JK,2019-02-28,294,302,274,284,284,145933000,28,-10,293.7142857,265.0714286,227.7619048,10.79682493,306
FREN.JK,2019-03-01,284,306,284,306,306,201095300,22,22,293.1428571,270.2142857,234.952381,11.24616337,304
FREN.JK,2019-03-04,310,316,300,304,304,181503900,16,-6,296.2857143,277.0714286,242.5238095,11.33893419,296
FREN.JK,2019-03-05,302,302,286,296,296,129147800,16,-6,298.2857143,283.9285714,250.5238095,11.27998649,286
FREN.JK,2019-03-06,294,300,286,286,286,59405000,14,-8,300.2857143,290.8571429,257.9047619,8.901578244,286
FREN.JK,2019-03-07,286,286,286,286,286,0,0,0,296.5714286,292.4285714,264.8095238,8.618916074,288
FREN.JK,2019-03-08,280,304,280,288,288,159052800,24,8,294.2857143,294,269.4761905,9.050124966,292
FREN.JK,2019-03-11,292,296,286,292,292,61345700,10,0,292.8571429,293.2857143,274.3333333,9.154754164,294
FREN.JK,2019-03-12,300,308,292,294,294,105228700,16,-6,294,293.5714286,278.1428571,8.326663998,310
FREN.JK,2019-03-13,294,310,294,310,310,106292500,16,16,292.2857143,294.2857143,282.1428571,6.47338875,350
FREN.JK,2019-03-14,332,350,326,350,350,375155300,24,18,293.1428571,295.7142857,287,8.395009856,336
FREN.JK,2019-03-15,340,352,334,336,336,188455100,18,-4,300.8571429,300.5714286,294.1904762,23.20508975,346
FREN.JK,2019-03-18,334,350,332,346,346,127872700,18,12,308,302.2857143,297.6190476,25.45584412,348
FREN.JK,2019-03-19,350,352,342,348,348,85819900,10,-2,316.5714286,305.4285714,301.5238095,26.87537375,336
FREN.JK,2019-03-20,350,352,326,336,336,135298000,26,-14,325.1428571,309,303.9047619,25.79036365,304
FREN.JK,2019-03-21,324,330,300,304,304,182726400,30,-20,331.4285714,312.7142857,306.1904762,21.34523478,324
FREN.JK,2019-03-22,310,326,304,324,324,109996400,22,14,332.8571429,312.5714286,307.1428571,18.57802081,330
FREN.JK,2019-03-25,324,334,316,330,330,101387400,18,6,334.8571429,314,308.7619048,16.32409846,328
FREN.JK,2019-03-26,344,350,324,328,328,125070900,26,-16,332,316.4285714,311.047619,14.92201952,324
FREN.JK,2019-03-27,330,334,310,324,324,123251700,24,-6,330.8571429,319.4285714,311.8095238,14.87087278,326
FREN.JK,2019-03-28,324,330,316,326,326,90046200,14,2,327.7142857,322.1428571,312.8571429,13.38798324,312
FREN.JK,2019-03-29,328,334,310,312,312,138041600,24,-16,324.5714286,324.8571429,314.1904762,9.980934206,286
FREN.JK,2019-04-01,316,320,234,286,286,347080300,86,-30,321.1428571,326.2857143,315.5238095,9.511897312,286
FREN.JK,2019-04-02,282,292,260,286,286,128518800,32,4,318.5714286,325.7142857,314.5714286,15.47963332,286
FREN.JK,2019-04-03,286,286,286,286,286,0,0,0,313.1428571,324,313.7142857,19.42016625,272
FREN.JK,2019-04-04,288,290,268,272,272,60812000,22,-16,306.8571429,319.4285714,313.2380952,20.16125469,256
FREN.JK,2019-04-05,272,278,250,256,256,78762800,28,-16,298.8571429,314.8571429,312.5714286,21.44316963,238
FREN.JK,2019-04-08,252,260,234,238,238,91977100,26,-14,289.1428571,308.4285714,311.1428571,23.46222902,260
FREN.JK,2019-04-09,230,270,228,260,260,152710700,42,30,276.5714286,300.5714286,308.7619048,23.99206218,258
FREN.JK,2019-04-10,260,266,252,258,258,94433000,14,-2,269.1428571,295.1428571,307.2380952,18.64965211,256
FREN.JK,2019-04-11,256,260,248,256,256,41048200,12,0,265.1428571,291.8571429,305.5238095,17.39184264,254
FREN.JK,2019-04-12,246,258,242,254,254,59087500,16,8,260.8571429,287,302.952381,14.91563577,254
FREN.JK,2019-04-15,252,260,252,254,254,37373100,8,2,256.2857143,281.5714286,298.3809524,10.02853073,254
FREN.JK,2019-04-16,256,262,252,254,254,60385900,10,-2,253.7142857,276.2857143,294.4761905,7.250615737,254
FREN.JK,2019-04-17,254,254,254,254,254,0,0,0,253.4285714,271.2857143,290.0952381,7.1846397,290
FREN.JK,2019-04-18,258,290,254,290,290,228271600,36,32,255.7142857,266.1428571,285.6190476,2.429971585,290
FREN.JK,2019-04-19,290,290,290,290,290,0,0,0,260,264.5714286,283.4285714,13.31665624,312
FREN.JK,2019-04-22,292,314,286,312,312,185363500,28,20,264.5714286,264.8571429,282.7619048,17.38636576,298
FREN.JK,2019-04-23,312,328,298,298,298,186275100,30,-14,272.5714286,266.7142857,282.1904762,24.29579623,296
FREN.JK,2019-04-24,298,310,288,296,296,89101200,22,-2,278.8571429,267.5714286,280.6666667,24.38188242,302
FREN.JK,2019-04-25,296,310,290,302,302,77945500,20,6,284.8571429,269.2857143,279.1428571,22.32658036,308
FREN.JK,2019-04-26,304,316,296,308,308,143151000,20,4,291.7142857,272.5714286,278.0952381,18.2730611,326
FREN.JK,2019-04-29,308,326,308,326,326,155841500,18,18,299.4285714,277.5714286,277.2380952,8.462803768,312
FREN.JK,2019-04-30,326,330,310,312,312,120965500,20,-14,304.5714286,282.2857143,277.9047619,11.98411647,312
FREN.JK,2019-05-01,312,312,312,312,312,0,0,0,307.7142857,286.1428571,279.1428571,10.29100393,316
FREN.JK,2019-05-02,312,320,310,316,316,78037100,10,4,307.7142857,290.1428571,280.3809524,10.29100393,318
FREN.JK,2019-05-03,318,324,308,318,318,71042600,16,0,310.2857143,294.5714286,281.8095238,9.69044694,318
FREN.JK,2019-05-06,316,322,310,318,318,50837600,12,2,313.4285714,299.1428571,284,7.634508123,318
FREN.JK,2019-05-07,318,334,316,318,318,151799700,18,0,315.7142857,303.7142857,286.952381,5.822779569,322
FREN.JK,2019-05-08,316,324,310,322,322,68830900,14,6,317.1428571,308.2857143,290.7619048,4.740906082,330
FREN.JK,2019-05-09,322,338,320,330,330,152389200,18,8,316.5714286,310.5714286,293.7142857,3.598941643,338
FREN.JK,2019-05-10,332,338,330,338,338,83226500,8,6,319.1428571,313.4285714,297.1428571,5.639993246,338
FREN.JK,2019-05-13,340,348,332,338,338,125536000,16,-2,322.8571429,315.2857143,301.047619,8.153293229,302
FREN.JK,2019-05-14,334,334,296,302,302,136285000,38,-32,326,318.1428571,305.047619,9.237604307,258
FREN.JK,2019-05-15,300,302,254,258,258,115555000,48,-42,323.7142857,318.5714286,307.3333333,12.82853961,266
FREN.JK,2019-05-16,262,284,240,266,266,129124600,44,4,315.1428571,315.4285714,307.5238095,28.16279207,252
FREN.JK,2019-05-17,270,272,250,252,252,41419000,22,-18,307.7142857,312.4285714,308.0952381,33.61405602,258
FREN.JK,2019-05-20,254,262,234,258,258,53632900,28,4,297.7142857,307.1428571,306.2857143,38.68554547,262
FREN.JK,2019-05-21,260,276,258,262,262,86333800,18,2,287.4285714,303.2857143,304.7619048,38.23984459,254
FREN.JK,2019-05-22,264,268,254,254,254,21646000,14,-10,276.5714286,299.7142857,302.3809524,31.72200678,266
FREN.JK,2019-05-23,256,272,256,266,266,55219400,16,10,264.5714286,295.2857143,300.2857143,17.15475777,284
FREN.JK,2019-05-24,270,286,264,284,284,118539200,22,14,259.4285714,291.5714286,298.8571429,5.503245796,282
FREN.JK,2019-05-27,290,294,282,282,282,66085600,12,-8,263.1428571,289.1428571,298,10.69935468,280
FREN.JK,2019-05-28,282,290,278,280,280,41852200,12,-2,265.4285714,286.5714286,296.7619048,12.89518182,286
FREN.JK,2019-05-29,280,290,280,286,286,31621400,10,6,269.4285714,283.5714286,294.5714286,12.36739184,286
FREN.JK,2019-05-30,286,286,286,286,286,0,0,0,273.4285714,280.4285714,293.3333333,12.58116506,284
FREN.JK,2019-05-31,286,298,284,284,284,60415500,14,-2,276.8571429,276.7142857,292.0952381,12.21240587,284
FREN.JK,2019-06-03,284,284,284,284,284,0,0,0,281.1428571,272.8571429,290.5714286,7.010196655,284
FREN.JK,2019-06-04,284,284,284,284,284,0,0,0,283.7142857,271.5714286,288.952381,2.138089935,284
FREN.JK,2019-06-05,284,284,284,284,284,0,0,0,283.7142857,273.4285714,287.3333333,2.138089935,284
FREN.JK,2019-06-06,284,284,284,284,284,0,0,0,284,274.7142857,285.7142857,2,284
FREN.JK,2019-06-07,284,284,284,284,284,0,0,0,284.5714286,277,283.9047619,0.9759000729,290
FREN.JK,2019-06-10,286,296,286,290,290,39076700,10,4,284.2857143,278.8571429,281.7142857,0.755928946,326
FREN.JK,2019-06-11,292,326,290,326,326,190284600,36,34,284.8571429,280.8571429,279.4285714,2.267786838,312
FREN.JK,2019-06-12,328,334,312,312,312,122823300,22,-16,290.8571429,286,278.8571429,15.65703858,320
FREN.JK,2019-06-13,312,326,312,320,320,45500700,14,8,294.8571429,289.2857143,279.3333333,17.12141516,314
FREN.JK,2019-06-14,320,324,312,314,314,26088900,12,-6,300,291.8571429,282.2857143,18.65475811,324
FREN.JK,2019-06-17,314,324,312,324,324,54062300,12,10,304.2857143,294.1428571,284.5714286,17.79245426,314
FREN.JK,2019-06-18,326,334,310,314,314,104940600,24,-12,310,297.2857143,288,16.57307053,null
FREN.JK,2019-06-19,null,null,null,null,null,null,#VALUE!,#VALUE!,314.2857143,299.2857143,290.6666667,11.96821186,312
FREN.JK,2019-06-20,308,316,308,312,312,37901900,8,4,318.3333333,300.3076923,292.1,5.853773712,320
FREN.JK,2019-06-21,318,328,310,320,320,87955800,18,2,316,302.4615385,295,4.898979486,316
FREN.JK,2019-06-24,316,324,314,316,316,29004700,10,0,317.3333333,305.2307692,297.7,4.676180778,326
FREN.JK,2019-06-25,316,330,316,326,326,93907400,14,10,316.6666667,307.6923077,299.3,4.501851471,328
FREN.JK,2019-06-26,326,336,314,328,328,104079600,22,2,318.6666667,310.9230769,301.5,5.609515725,328
FREN.JK,2019-06-27,328,330,320,328,328,40324200,10,0,319.3333333,314.3076923,303.9,6.531972647,320
FREN.JK,2019-06-28,328,332,318,320,320,23111400,14,-8,321.6666667,317.6923077,306,6.742897498,318
FREN.JK,2019-07-01,324,332,318,318,318,53750700,14,-6,321.4285714,320,307.7,6.187545094,314
FREN.JK,2019-07-02,320,322,314,314,314,16623900,8,-6,322.2857143,319.3846154,309.4,4.956957592,314
FREN.JK,2019-07-03,314,318,304,314,314,27921000,14,0,321.4285714,319.5384615,310.9,5.855400438,320
FREN.JK,2019-07-04,314,324,312,320,320,45290700,12,6,321.1428571,319.0769231,312.4,6.2029179,316
FREN.JK,2019-07-05,324,324,316,316,316,28315500,8,-8,320.2857143,319.5384615,314.2,5.822779569,312
FREN.JK,2019-07-08,316,318,308,312,312,14882900,10,-4,318.5714286,318.9230769,315.8,4.85994317,320
FREN.JK,2019-07-09,312,322,308,320,320,29285500,14,8,316.2857143,318.7692308,317.2,3.14718317,312
FREN.JK,2019-07-10,320,322,312,312,312,32467600,10,-8,316.2857143,318.8571429,318.7,3.14718317,318
FREN.JK,2019-07-11,314,324,314,318,318,40934000,10,4,315.4285714,318.8571429,318,3.408672413,312
FREN.JK,2019-07-12,320,320,312,312,312,22313400,8,-8,316,318.7142857,318.3,3.464101615,318
FREN.JK,2019-07-15,314,322,310,318,318,30769100,12,4,315.7142857,318.4285714,317.9,3.728908943,320
FREN.JK,2019-07-16,318,328,318,320,320,77570600,10,2,315.4285714,317.8571429,318.1,3.408672413,312
FREN.JK,2019-07-17,324,324,312,312,312,34286500,12,-12,316,317.2857143,317.9,3.829708431,310
FREN.JK,2019-07-18,314,316,308,310,310,28394100,8,-4,316,316.1428571,317.8,3.829708431,308
FREN.JK,2019-07-19,310,314,308,308,308,22642700,6,-2,314.5714286,315.4285714,317.4285714,3.95209408,306
FREN.JK,2019-07-22,310,314,306,306,306,22451600,8,-4,314,314.7142857,317.2380952,4.618802154,230
FREN.JK,2019-07-23,306,308,230,230,230,696637600,78,-76,312.2857143,314.1428571,316.5714286,5.089672082,200
FREN.JK,2019-07-24,226,230,192,200,200,551094200,38,-26,300.5714286,308.1428571,312.4761905,31.53229637,202
FREN.JK,2019-07-25,200,212,197,202,202,246177900,15,2,283.7142857,299.5714286,306.4761905,47.93646589,199
FREN.JK,2019-07-26,206,218,198,199,199,625632800,20,-7,266.8571429,291.4285714,300.4761905,53.47718695,165
FREN.JK,2019-07-29,200,202,164,165,165,510320700,38,-35,250.7142857,283.3571429,294.3333333,54.62207822,181
FREN.JK,2019-07-30,165,200,162,181,181,944802900,38,16,230,272.2857143,286.952381,55.87187724,173
FREN.JK,2019-07-31,182,189,172,173,173,272875000,17,-9,211.8571429,262.9285714,280.4285714,46.08480795,180
FREN.JK,2019-08-01,173,183,173,180,180,128664500,10,7,192.8571429,252.5714286,273.7142857,21.84359991,176
FREN.JK,2019-08-02,180,181,174,176,176,68035500,7,-4,185.7142857,243.1428571,267.3333333,14.67099503,163
FREN.JK,2019-08-05,176,176,163,163,163,86926600,13,-13,182.2857143,233,260.4761905,13.53654665,163
FREN.JK,2019-08-06,158,171,145,163,163,180886500,26,5,176.7142857,221.7857143,253.1904762,12.00991654,166
FREN.JK,2019-08-07,163,171,163,166,166,106443500,8,3,171.5714286,211.1428571,246.0952381,7.870983481,170
FREN.JK,2019-08-08,167,176,166,170,170,131918400,10,3,171.7142857,200.8571429,238.7619048,7.739816658,167
FREN.JK,2019-08-09,173,174,167,167,167,75355600,7,-6,170.1428571,191,232,6.568322247,170
FREN.JK,2019-08-12,167,176,167,170,170,148114400,9,3,169.2857143,181.0714286,224.8095238,6.524678427,166
FREN.JK,2019-08-13,171,173,163,166,166,109520300,10,-5,167.8571429,176.7857143,218.047619,4.598136268,165
FREN.JK,2019-08-14,168,170,164,165,165,60251600,6,-3,166.4285714,174.3571429,210.8095238,2.878491669,166
FREN.JK,2019-08-15,161,168,160,166,166,51068000,8,5,166.7142857,171.7142857,203.4285714,2.563479778,171
FREN.JK,2019-08-16,167,181,164,171,171,374839000,17,4,167.1428571,169.3571429,196.4761905,2.035400978,165
FREN.JK,2019-08-19,172,174,164,165,165,140247500,10,-7,167.8571429,169.7857143,189.8571429,2.410295378,167
FREN.JK,2019-08-20,166,170,165,167,167,81452300,5,1,167.1428571,168.6428571,183.047619,2.410295378,163
FREN.JK,2019-08-21,168,169,162,163,163,67206300,7,-5,167.1428571,168.2142857,176.4285714,2.410295378,158
FREN.JK,2019-08-22,164,166,157,158,158,111358300,9,-6,166.1428571,167,173.2380952,2.478478796,156
FREN.JK,2019-08-23,159,162,153,156,156,119936700,9,-3,165,165.7142857,171.2380952,3.958114029,160
FREN.JK,2019-08-26,154,165,152,160,160,175262800,13,6,163.7142857,165.2142857,169.047619,5.219012861,158
FREN.JK,2019-08-27,161,162,157,158,158,70409200,5,-3,162.8571429,165,167.1904762,5.2734736,155
FREN.JK,2019-08-28,158,160,153,155,155,58834800,7,-3,161,164.4285714,166.8571429,4.082482905,148
FREN.JK,2019-08-29,155,156,147,148,148,86478500,9,-7,159.5714286,163.3571429,165.6190476,4.197504928,134
FREN.JK,2019-08-30,149,150,131,134,134,206859900,19,-15,156.8571429,162,164.4285714,4.705619741,121
FREN.JK,2019-09-02,134,137,115,121,121,364649600,22,-13,152.7142857,159.4285714,162.2380952,9.105205209,118
FREN.JK,2019-09-03,121,124,117,118,118,87966600,7,-3,147.4285714,156.2142857,159.6190476,14.60430465,140
FREN.JK,2019-09-04,121,140,118,140,140,526695700,22,19,142,152.8571429,157.4761905,17.63519209,132
FREN.JK,2019-09-05,143,143,131,132,132,198508400,12,-11,139.1428571,151,156.3809524,15.75255081,139
FREN.JK,2019-09-06,137,146,132,139,139,300171200,14,2,135.4285714,148.2142857,154.7619048,13.46423835,145
FREN.JK,2019-09-09,141,148,136,145,145,202341800,12,4,133.1428571,146.3571429,153.2857143,10.65252038,156
FREN.JK,2019-09-10,146,164,145,156,156,544637100,19,10,132.7142857,144.7857143,152.2380952,9.995236961,158
FREN.JK,2019-09-11,159,164,156,158,158,216544200,8,-1,135.8571429,144.2857143,151.5714286,13.35949814,153
FREN.JK,2019-09-12,160,162,151,153,153,83332400,11,-7,141.1428571,144.2857143,151.1904762,13.81338206,148
FREN.JK,2019-09-13,153,159,147,148,148,95296500,12,-5,146.1428571,144.0714286,150.6190476,9.788233947,137
FREN.JK,2019-09-16,148,150,136,137,137,90355200,14,-11,147.2857143,143.2142857,149.7619048,9.411239481,142
FREN.JK,2019-09-17,137,148,137,142,142,83253500,11,5,148,141.7142857,148.1428571,8.164965809,154
FREN.JK,2019-09-18,145,154,144,154,154,244762600,10,9,148.4285714,140.7857143,147.047619,7.678045386,163
FREN.JK,2019-09-19,155,163,151,163,163,335234600,12,8,149.7142857,141.2142857,146.4285714,7.761320457,166
FREN.JK,2019-09-20,165,176,162,166,166,1166110600,14,1,150.7142857,143.2857143,146.4285714,9.050124966,163
FREN.JK,2019-09-23,168,176,160,163,163,330322400,16,-5,151.8571429,146.5,146.8095238,10.51076546,164
FREN.JK,2019-09-24,163,168,157,164,164,168431200,11,1,153.2857143,149.7142857,147.1428571,11.33893419,172
FREN.JK,2019-09-25,165,173,164,172,172,301669400,9,7,155.5714286,151.4285714,147.3333333,11.70266555,171
FREN.JK,2019-09-26,173,179,168,171,171,353729600,11,-2,160.5714286,154.2857143,148,9.761440175,168
FREN.JK,2019-09-27,172,173,165,168,168,110774200,8,-4,164.7142857,156.5714286,148.7619048,5.992058236,170
FREN.JK,2019-09-30,168,174,168,170,170,130172600,6,2,166.7142857,158.2142857,149.7142857,3.728908943,185
FREN.JK,2019-10-01,172,185,171,185,185,334138400,14,13,167.7142857,159.2142857,151.4285714,3.498298906,179
FREN.JK,2019-10-02,187,197,178,179,179,654674700,19,-8,170.4285714,161.1428571,154.4761905,7.276838665,191
FREN.JK,2019-10-03,174,192,172,191,191,337410800,20,17,172.7142857,163,157.3809524,7.064330252,202
FREN.JK,2019-10-04,193,204,192,202,202,447994900,12,9,176.5714286,166.0714286,159.8095238,8.695921321,200
FREN.JK,2019-10-07,206,210,197,200,200,249179000,13,-6,180.8571429,170.7142857,163.1428571,12.58873268,200
FREN.JK,2019-10-08,200,206,192,200,200,211020100,14,0,185,174.8571429,166.047619,13.54006401,214
FREN.JK,2019-10-09,200,220,199,214,214,527024600,21,14,189.5714286,178.1428571,168.6666667,12.17726218,218
FREN.JK,2019-10-10,218,222,214,218,218,314144500,8,0,195.8571429,181.7857143,171.4285714,11.73923012,220
FREN.JK,2019-10-11,218,228,216,220,220,251168300,12,2,200.5714286,185.5,174.2857143,13.18910084,168
FREN.JK,2019-10-14,222,222,166,168,168,1037266900,56,-54,206.4285714,189.5714286,177.4761905,10.92179996,180
FREN.JK,2019-10-15,168,180,155,180,180,774148000,25,12,203.1428571,189.8571429,178.4285714,17.69584293,159
FREN.JK,2019-10-16,180,183,158,159,159,505534900,25,-21,200,190.4285714,180.4761905,19.76528944,161
FREN.JK,2019-10-17,159,165,156,161,161,341356000,9,2,194.1428571,189.5714286,181.2857143,25.11592172,165
FREN.JK,2019-10-18,162,167,160,165,165,172687700,7,3,188.5714286,189.0714286,181.6190476,27.78403104,160
FREN.JK,2019-10-21,168,169,157,160,160,261987900,12,-8,181.5714286,188.7142857,181.7142857,26.45031281,157
FREN.JK,2019-10-22,162,162,157,157,157,112847600,5,-5,173.2857143,186.9285714,181.4285714,21.8152415,150
FREN.JK,2019-10-23,157,159,148,150,150,158637000,11,-7,164.2857143,185.3571429,181.1428571,7.867957925,158
FREN.JK,2019-10-24,150,159,148,158,158,236695300,11,8,161.7142857,182.4285714,180.4761905,9.268482179,155
FREN.JK,2019-10-25,159,161,154,155,155,69264300,7,-4,158.5714286,179.2857143,179.8095238,4.577377082,153
FREN.JK,2019-10-28,156,160,153,153,153,87665500,7,-3,158,176.0714286,179.047619,4.760952286,151
FREN.JK,2019-10-29,153,157,150,151,151,78186200,7,-2,156.8571429,172.7142857,178.3333333,4.879500365,149
FREN.JK,2019-10-30,151,154,149,149,149,67853300,5,-2,154.8571429,168.2142857,177.4285714,3.716116765,149
FREN.JK,2019-10-31,149,152,149,149,149,66136500,3,0,153.2857143,163.2857143,175.7142857,3.498298906,145
FREN.JK,2019-11-01,149,150,138,145,145,129519100,12,-4,152.1428571,158.2142857,174.2857143,3.38765265,157
FREN.JK,2019-11-04,145,157,143,157,157,215595700,14,12,151.4285714,156.5714286,172.0952381,4.314979446,158
FREN.JK,2019-11-05,157,161,154,158,158,289066400,7,1,151.2857143,154.9285714,169.952381,4.070801957,151
FREN.JK,2019-11-06,159,160,151,151,151,89529700,9,-8,151.7142857,154.8571429,167.952381,4.644505202,145
FREN.JK,2019-11-07,152,154,142,145,145,113300500,12,-7,151.4285714,154.1428571,165.6190476,4.613644361,140
FREN.JK,2019-11-08,146,150,137,140,140,87929100,13,-6,150.5714286,152.7142857,162.3333333,5.223572943,141
FREN.JK,2019-11-11,140,147,140,141,141,56945000,7,1,149.2857143,151.2857143,158.6190476,6.600865744,152
FREN.JK,2019-11-12,142,153,138,152,152,177091800,15,10,148.1428571,150.1428571,154.8571429,7.312741652,145
FREN.JK,2019-11-13,152,153,145,145,145,86360600,8,-7,149.1428571,150.2857143,154.0952381,7.289914756,148
FREN.JK,2019-11-14,145,152,144,148,148,102086000,8,3,147.4285714,149.3571429,152.4285714,6.502746672,141
FREN.JK,2019-11-15,150,150,141,141,141,55830100,9,-9,146,148.8571429,151.9047619,4.618802154,142
FREN.JK,2019-11-18,140,146,140,142,142,69232600,6,2,144.5714286,148,150.952381,4.353433237,141
FREN.JK,2019-11-19,143,145,140,141,141,54253900,5,-2,144.1428571,147.3571429,149.8571429,4.450789122,144
FREN.JK,2019-11-20,141,145,139,144,144,88718000,6,3,144.2857143,146.7857143,148.952381,4.309458037,141
FREN.JK,2019-11-21,145,146,140,141,141,83688800,6,-4,144.7142857,146.4285714,148.3333333,4.070801957,141
FREN.JK,2019-11-22,141,142,139,141,141,55936900,3,0,143.1428571,146.1428571,147.9047619,2.672612419,140
FREN.JK,2019-11-25,141,142,139,140,140,40559300,3,-1,142.5714286,145,147.0952381,2.6367368,140
FREN.JK,2019-11-26,140,142,132,140,140,165749600,10,0,141.4285714,143.7142857,146.3809524,1.272418021,139
FREN.JK,2019-11-27,141,141,133,139,139,110905800,8,-2,141.2857143,142.9285714,145.7619048,1.380131119,131
FREN.JK,2019-11-28,139,140,130,131,131,46814900,10,-8,140.8571429,142.5,145.1904762,1.573591585,125
FREN.JK,2019-11-29,130,132,125,125,125,44728200,7,-5,139.4285714,141.8571429,144.3333333,4.035556255,123
FREN.JK,2019-12-02,125,132,119,123,123,73998800,13,-2,136.7142857,140.7142857,143.1904762,6.237368187,139
FREN.JK,2019-12-03,124,140,123,139,139,203956700,17,15,134.1428571,138.6428571,142.1428571,7.712080814,131
FREN.JK,2019-12-04,138,140,130,131,131,107240100,10,-7,133.8571429,138.2142857,141.2857143,7.448234051,132
FREN.JK,2019-12-05,132,137,131,132,132,64164600,6,0,132.5714286,137,140,6.972736021,133
FREN.JK,2019-12-06,132,137,132,133,133,38287200,5,1,131.4285714,136.3571429,139.0952381,6.160550377,127
FREN.JK,2019-12-09,132,135,127,127,127,61897100,8,-5,130.5714286,135.7142857,138.5238095,5.28700113,127
FREN.JK,2019-12-10,128,131,127,127,127,31752100,4,-1,130,134.7142857,137.9047619,5.446711546,128
FREN.JK,2019-12-11,128,130,126,128,128,38502800,4,0,130.2857143,133.5,137.2380952,5.186980037,126
FREN.JK,2019-12-12,130,130,125,126,126,27495600,5,-4,131,132.5714286,136.0952381,4.281744193,125
FREN.JK,2019-12-13,127,128,125,125,125,20699700,3,-2,129.1428571,131.5,135.1904762,2.794552524,128
FREN.JK,2019-12-16,127,132,127,128,128,48196800,5,1,128.2857143,130.4285714,134.0952381,3.039423504,129
FREN.JK,2019-12-17,129,131,127,129,129,40341900,4,0,127.7142857,129.5714286,133.4761905,2.563479778,128
FREN.JK,2019-12-18,130,131,127,128,128,26605800,4,-2,127.1428571,128.8571429,132.8571429,1.345185418,127
FREN.JK,2019-12-19,128,129,125,127,127,28613600,4,-1,127.2857143,128.6428571,132.2380952,1.380131119,140
FREN.JK,2019-12-20,126,141,125,140,140,387419400,16,14,127.2857143,128.7857143,131.4285714,1.380131119,144
FREN.JK,2019-12-23,141,152,140,144,144,311288600,12,3,129,130,131.3809524,5.033222957,137
FREN.JK,2019-12-26,144,147,136,137,137,100833600,11,-7,131.5714286,130.3571429,131.5238095,7.322502825,135
FREN.JK,2019-12-27,135,141,135,135,135,78757500,6,0,133.2857143,130.7857143,131.3809524,6.9213266,138
FREN.JK,2019-12-30,135,143,135,138,138,97439300,8,3,134.2857143,131,131.1428571,6.524678427,136
FREN.JK,2020-01-02,139,140,136,136,136,32022100,4,-3,135.5714286,131.3571429,131.0952381,6.187545094,139
FREN.JK,2020-01-03,137,142,136,139,139,43130600,6,2,136.7142857,132,131.3333333,5.219012861,135
FREN.JK,2020-01-06,139,140,135,135,135,26953200,5,-4,138.4285714,132.8571429,132,2.992052966,134
FREN.JK,2020-01-07,136,138,133,134,134,51366400,5,-2,137.7142857,133.3571429,132.5714286,3.14718317,132
FREN.JK,2020-01-08,135,136,129,132,132,68035700,7,-3,136.2857143,133.9285714,132.3333333,1.799470822,132
FREN.JK,2020-01-09,133,134,131,132,132,14707900,3,-1,135.5714286,134.4285714,132.3809524,2.370453041,132
FREN.JK,2020-01-10,132,134,131,132,132,14987600,3,0,135.1428571,134.7142857,132.3809524,2.734262328,132
FREN.JK,2020-01-13,132,137,131,132,132,45209900,6,0,134.2857143,134.9285714,132.3333333,2.627691364,132
FREN.JK,2020-01-14,132,135,131,132,132,29557500,4,0,133.7142857,135.2142857,132.5714286,2.627691364,128
FREN.JK,2020-01-15,138,138,128,128,128,37182100,10,-10,132.7142857,135.5714286,132.8095238,1.253566341,129
FREN.JK,2020-01-16,129,131,128,129,129,16218000,3,0,131.7142857,134.7142857,132.8095238,1.799470822,134
FREN.JK,2020-01-17,130,134,128,134,134,31840600,6,4,131,133.6428571,132.952381,1.732050808,127
FREN.JK,2020-01-20,134,135,127,127,127,59479600,8,-7,131.2857143,133.4285714,133.3809524,2.058663459,126
FREN.JK,2020-01-21,127,129,126,126,126,21068600,3,-1,130.5714286,132.8571429,133.3333333,2.572750983,125
FREN.JK,2020-01-22,126,127,125,125,125,19525000,2,-1,129.7142857,132,133.1904762,2.984084768,124
FREN.JK,2020-01-23,125,126,123,124,124,14655300,3,-1,128.7142857,131.2142857,133.047619,3.251373336,123
FREN.JK,2020-01-24,125,127,123,123,123,19852900,4,-2,127.5714286,130.1428571,132.9047619,3.309438163,116
FREN.JK,2020-01-27,124,125,113,116,116,47690300,12,-8,126.8571429,129.2857143,132.0952381,3.716116765,120
FREN.JK,2020-01-28,115,122,113,120,120,58598900,9,5,125,128,130.7619048,5.354126135,117
FREN.JK,2020-01-29,120,121,115,117,117,31797300,6,-3,123,127.1428571,129.952381,3.829708431,113
FREN.JK,2020-01-30,117,118,112,113,113,20468300,6,-4,121.5714286,126.0714286,129.0952381,3.95209408,103
FREN.JK,2020-01-31,110,115,102,103,103,60132500,13,-7,119.7142857,124.7142857,127.9047619,4.535573676,93
FREN.JK,2020-02-03,103,104,92,93,93,77346700,12,-10,116.5714286,122.6428571,126.3333333,7.13809365,96
FREN.JK,2020-02-04,92,100,92,96,96,51207500,8,4,112.1428571,119.8571429,124.1428571,10.55822857,112
FREN.JK,2020-02-05,96,114,96,112,112,222798500,18,16,108.2857143,117.5714286,122.2857143,10.85839592,107
FREN.JK,2020-02-06,113,114,105,107,107,58188100,9,-6,107.7142857,116.3571429,121.2380952,10.4835472,114
FREN.JK,2020-02-07,108,117,105,114,114,115434700,12,6,105.8571429,114.4285714,120.047619,8.989411761,110
FREN.JK,2020-02-10,113,113,109,110,110,40495300,4,-3,105.4285714,113.5,119.1904762,8.423323629,117
FREN.JK,2020-02-11,110,121,110,117,117,144320800,11,7,105,112.3571429,118.1428571,8.041558721,111
FREN.JK,2020-02-12,117,119,111,111,111,55007800,8,-6,107,111.7857143,117.4285714,9.128709292,112
FREN.JK,2020-02-13,111,117,110,112,112,56547600,7,1,109.5714286,110.8571429,116.4285714,6.754187414,106
FREN.JK,2020-02-14,112,113,105,106,106,64505900,8,-6,111.8571429,110.0714286,115.6666667,3.132015934,105
FREN.JK,2020-02-17,107,110,103,105,105,44321500,7,-2,111,109.3571429,114.5714286,3.829708431,107
FREN.JK,2020-02-18,105,110,105,107,107,34309000,5,2,110.7142857,108.2857143,113.1904762,4.231401884,108
FREN.JK,2020-02-19,108,109,106,108,108,21739000,3,0,109.7142857,107.5714286,112.2380952,4.151878519,104
FREN.JK,2020-02-20,107,110,104,104,104,22582300,6,-3,109.4285714,107.2142857,111.3809524,4.197504928,113
FREN.JK,2020-02-21,105,117,104,113,113,199065700,13,8,107.5714286,107.2857143,110.3809524,2.992052966,109
FREN.JK,2020-02-24,114,114,108,109,109,30445900,6,-5,107.8571429,108.7142857,109.8571429,3.436498772,107
FREN.JK,2020-02-25,114,114,105,107,107,41894000,9,-7,107.4285714,109.6428571,109.1904762,2.992052966,108
FREN.JK,2020-02-26,105,113,105,108,108,80804400,8,3,107.5714286,109.2857143,108.7619048,2.935821456,108
FREN.JK,2020-02-27,103,112,103,108,108,49732100,9,5,108,109.3571429,108.1904762,2.708012802,94
FREN.JK,2020-02-28,106,107,93,94,94,195776500,14,-12,108.1428571,108.9285714,107.7619048,2.672612419,93
FREN.JK,2020-03-02,99,100,89,93,93,76717800,11,-6,106.1428571,107.7857143,106.8571429,5.984105932,95
FREN.JK,2020-03-03,94,100,93,95,95,106542500,7,1,104.5714286,106.0714286,106.3809524,7.807200584,93
FREN.JK,2020-03-04,85,97,85,93,93,49447300,12,8,102,104.9285714,106.4761905,7.527726527,96
FREN.JK,2020-03-05,83,97,83,96,96,57282900,14,13,99.71428571,103.5714286,106.3333333,7.476948703,92
FREN.JK,2020-03-06,95,96,92,92,92,35970900,4,-3,98.14285714,102.8571429,105.5714286,6.817344826,80
FREN.JK,2020-03-09,92,92,79,80,80,68996100,13,-12,95.85714286,101.9285714,104.8571429,5.520524475,82
FREN.JK,2020-03-10,80,84,77,82,82,41341400,7,2,91.85714286,100,103.2380952,5.398412465,74
FREN.JK,2020-03-11,83,85,74,74,74,55188000,11,-9,90.14285714,98.14285714,101.9047619,6.414269806,67
FREN.JK,2020-03-12,74,74,67,67,67,15365700,7,-7,87.42857143,96,99.85714286,8.638231741,67
FREN.JK,2020-03-13,67,67,67,67,67,0,0,0,83.42857143,92.71428571,97.76190476,10.76811873,59
FREN.JK,2020-03-16,60,60,59,59,59,6306500,1,-1,79.71428571,89.71428571,95.61904762,11.38294464,55
FREN.JK,2020-03-17,55,55,55,55,55,4812700,0,0,74.42857143,86.28571429,93.38095238,11.14835029,52
FREN.JK,2020-03-18,52,52,52,52,52,8532400,0,0,69.14285714,82.5,91,10.15592719,50
FREN.JK,2020-03-19,50,51,50,50,50,52970300,1,0,65.14285714,78.5,88.38095238,10.66815466,52
FREN.JK,2020-03-20,50,56,50,52,52,128654500,6,2,60.57142857,75.35714286,85.61904762,8.960229589,50
FREN.JK,2020-03-23,52,52,50,50,50,81582400,2,-2,57.42857143,72.42857143,83.14285714,7.13809365,50
FREN.JK,2020-03-24,51,52,50,50,50,21306700,2,-1,55,69.21428571,80.14285714,6.164414003,59
FREN.JK,2020-03-26,51,66,50,59,59,394344300,16,8,52.57142857,66.14285714,77.33333333,3.359421719,66
FREN.JK,2020-03-27,60,71,60,66,66,356788700,11,6,52.57142857,63.5,75.04761905,3.359421719,62
FREN.JK,2020-03-30,64,67,62,62,62,12007500,5,-2,54.14285714,61.64285714,73.04761905,6.121780009,62
FREN.JK,2020-03-31,60,67,59,62,62,108080900,8,2,55.57142857,60.35714286,70.85714286,6.679749069,59
FREN.JK,2020-04-01,58,65,58,59,59,66626400,7,1,57.28571429,58.92857143,69.33333333,6.550172662,62
FREN.JK,2020-04-02,58,64,57,62,62,62304800,7,4,58.28571429,57.85714286,67.71428571,6.129553701,76
FREN.JK,2020-04-03,63,78,63,76,76,524678400,15,13,60,57.5,66.14285714,5,95
FREN.JK,2020-04-06,78,96,76,95,95,539135200,20,17,63.71428571,58.14285714,65.33333333,5.908025212,92
FREN.JK,2020-04-07,101,108,89,92,92,341294100,19,-9,68.85714286,60.71428571,65.28571429,12.78578079,86
FREN.JK,2020-04-08,92,94,86,86,86,78731800,8,-6,72.57142857,63.35714286,65.28571429,15.33902586,92
FREN.JK,2020-04-09,87,92,81,92,92,176096500,11,5,76,65.78571429,65.57142857,15.26433752,98
FREN.JK,2020-04-13,92,102,89,98,98,376819100,13,6,80.28571429,68.78571429,66.04761905,14.88527556,96
FREN.JK,2020-04-14,98,102,95,96,96,124416300,7,-2,85.85714286,72.07142857,67.19047619,12.73353278,94
FREN.JK,2020-04-15,97,99,92,94,94,66004000,7,-3,90.71428571,75.35714286,68.57142857,7.543524502,89
FREN.JK,2020-04-16,94,95,89,89,89,70424300,6,-5,93.28571429,78.5,69.85714286,3.860668583,93
FREN.JK,2020-04-17,92,96,91,93,93,152353100,5,1,92.42857143,80.64285714,71.28571429,4.076646614,99
FREN.JK,2020-04-20,94,104,91,99,99,408760800,13,5,92.57142857,82.57142857,73.0952381,4.076646614,101
FREN.JK,2020-04-21,98,102,96,101,101,148409700,6,3,94.42857143,85.21428571,75.33333333,3.505098328,108
FREN.JK,2020-04-22,101,109,98,108,108,286620100,11,7,95.71428571,88,77.76190476,4.070801957,101
FREN.JK,2020-04-23,110,117,101,101,101,418975200,16,-9,97.14285714,91.5,80.42857143,6.2029179,98
FREN.JK,2020-04-24,105,105,97,98,98,89232500,8,-7,97.85714286,94.28571429,82.85714286,6.335839103,102
FREN.JK,2020-04-27,98,103,98,102,102,60526900,5,4,98.42857143,95.85714286,85.14285714,6.106202935,101
FREN.JK,2020-04-28,104,105,99,101,101,68430800,6,-3,100.2857143,96.35714286,87.19047619,4.535573676,104
FREN.JK,2020-04-29,101,106,100,104,104,124965200,6,3,101.4285714,97,88.85714286,3.207134903,107
FREN.JK,2020-04-30,105,109,105,107,107,94867100,4,2,102.1428571,98.28571429,90.85714286,3.132015934,104
FREN.JK,2020-05-04,105,107,102,104,104,35333700,5,-1,103,99.35714286,93,3.559026084,101
FREN.JK,2020-05-05,107,107,100,101,101,77631100,7,-6,102.4285714,99.78571429,95.14285714,2.878491669,100
FREN.JK,2020-05-06,101,103,99,100,100,45827700,4,-1,102.4285714,100.1428571,97,2.878491669,100
FREN.JK,2020-05-08,100,103,99,100,100,54534600,4,0,102.7142857,100.5714286,98.14285714,2.429971585,100
FREN.JK,2020-05-11,101,103,100,100,100,49846400,3,-1,102.4285714,101.3571429,98.38095238,2.6367368,101
FREN.JK,2020-05-12,100,108,99,101,101,186702300,9,1,102.2857143,101.8571429,98.76190476,2.751622898,96
FREN.JK,2020-05-13,100,100,96,96,96,99531600,4,-4,101.8571429,102,99.47619048,2.672612419,91
FREN.JK,2020-05-14,94,95,91,91,91,65468200,4,-3,100.2857143,101.6428571,99.66666667,2.360387377,97
FREN.JK,2020-05-15,91,97,88,97,97,86634000,9,6,98.42857143,100.4285714,99.33333333,3.690399385,100
FREN.JK,2020-05-18,100,103,97,100,100,249787100,6,0,97.85714286,100.1428571,99.38095238,3.532165126,99
FREN.JK,2020-05-19,101,104,98,99,99,69786300,6,-2,97.85714286,100.2857143,99.66666667,3.532165126,97
FREN.JK,2020-05-20,99,100,95,97,97,56449800,5,-2,97.71428571,100.0714286,100.1428571,3.450327797,99
FREN.JK,2020-05-26,97,103,97,99,99,60118600,6,2,97.28571429,99.78571429,100.3333333,3.302235895,99
FREN.JK,2020-05-27,100,101,96,99,99,45663600,5,-1,97,99.42857143,100.3333333,3,98
FREN.JK,2020-05-28,100,100,97,98,98,29950900,3,-2,97.42857143,98.85714286,100.2380952,3.047247001,97
FREN.JK,2020-05-29,98,98,96,97,97,15654200,2,-1,98.42857143,98.42857143,99.76190476,1.133893419,96
FREN.JK,2020-06-02,97,98,95,96,96,28859000,3,-1,98.42857143,98.14285714,99.57142857,1.133893419,98
FREN.JK,2020-06-03,96,100,96,98,98,63343500,4,2,97.85714286,97.85714286,99.47619048,1.214985793,99
FREN.JK,2020-06-04,98,103,98,99,99,235944200,5,1,97.71428571,97.71428571,99.28571429,1.112697281,100
FREN.JK,2020-06-05,99,101,98,100,100,52109400,3,1,98,97.64285714,99.19047619,1.154700538,101
FREN.JK,2020-06-08,101,104,100,101,101,94244400,4,0,98.14285714,97.57142857,99,1.345185418,113
FREN.JK,2020-06-09,103,118,101,113,113,666213800,17,10,98.42857143,97.92857143,98.71428571,1.718249386,106
FREN.JK,2020-06-10,113,115,106,106,106,171065400,9,-7,100.5714286,99.5,99.14285714,5.740416444,100
FREN.JK,2020-06-11,104,105,99,100,100,89277600,6,-4,101.8571429,100.1428571,99.38095238,5.814595756,98
FREN.JK,2020-06-12,94,101,93,98,98,77502400,8,4,102.4285714,100.1428571,99.38095238,5.318431563,96
FREN.JK,2020-06-15,98,102,95,96,96,64883100,7,-2,102.4285714,100.0714286,99.28571429,5.318431563,100
FREN.JK,2020-06-16,97,102,97,100,100,92894800,5,3,102,100,99.0952381,5.744562647,100
FREN.JK,2020-06-17,101,102,99,100,100,30461000,3,-1,102,100.0714286,99.04761905,5.744562647,106
FREN.JK,2020-06-18,99,107,97,106,106,214906700,10,7,101.8571429,100.1428571,99.23809524,5.785861256,105
FREN.JK,2020-06-19,108,108,103,105,105,105192000,5,-3,100.8571429,100.7142857,99.95238095,3.804758925,105
FREN.JK,2020-06-22,105,108,104,105,105,52296200,4,0,100.7142857,101.2857143,100.3333333,3.59231985,101
FREN.JK,2020-06-23,105,106,101,101,101,52805300,5,-4,101.4285714,101.9285714,100.5714286,3.90969491,101
FREN.JK,2020-06-24,102,104,100,101,101,53827200,4,-1,101.8571429,102.1428571,100.6666667,3.625307869,99
FREN.JK,2020-06-25,100,101,98,99,99,43479800,3,-1,102.5714286,102.2857143,100.8571429,2.6367368,101
FREN.JK,2020-06-26,99,101,99,101,101,28762000,2,2,102.4285714,102.2142857,100.8571429,2.819996623,99
FREN.JK,2020-06-29,99,102,98,99,99,26223900,4,0,102.5714286,102.2142857,100.952381,2.699206233,97
FREN.JK,2020-06-30,99,101,96,97,97,73152800,5,-2,101.5714286,101.2142857,101,2.507132682,97
FREN.JK,2020-07-01,98,99,94,97,97,48802300,5,-1,100.4285714,100.5714286,101,2.507132682,97
FREN.JK,2020-07-02,97,99,96,97,97,23224200,3,0,99.28571429,100.3571429,101.047619,1.799470822,100
FREN.JK,2020-07-03,97,102,97,100,100,97611600,5,3,98.71428571,100.2857143,101,1.799470822,100
FREN.JK,2020-07-06,103,104,99,100,100,89676600,5,-3,98.57142857,100.5714286,101.047619,1.618347187,98
FREN.JK,2020-07-07,101,101,97,98,98,73961600,4,-3,98.71428571,100.5714286,101.047619,1.704336206,97
FREN.JK,2020-07-08,98,99,97,97,97,71548500,2,-1,98.28571429,100.4285714,100.9047619,1.380131119,98
FREN.JK,2020-07-09,97,99,97,98,98,28797300,2,1,98,99.78571429,100.1428571,1.414213562,97
FREN.JK,2020-07-10,98,99,97,97,97,21290200,2,-1,98.14285714,99.28571429,99.76190476,1.345185418,97
FREN.JK,2020-07-13,98,98,96,97,97,30871500,2,-1,98.14285714,98.71428571,99.61904762,1.345185418,97
FREN.JK,2020-07-14,97,98,96,97,97,24962000,2,0,98.14285714,98.42857143,99.57142857,1.345185418,97
FREN.JK,2020-07-15,97,99,96,97,97,42725900,3,0,97.71428571,98.14285714,99.61904762,1.112697281,97
FREN.JK,2020-07-16,97,98,97,97,97,15805400,1,0,97.28571429,98,99.47619048,0.4879500365,98
FREN.JK,2020-07-17,96,99,96,98,98,21248600,3,2,97.14285714,97.71428571,99.33333333,0.377964473,96
FREN.JK,2020-07-20,98,98,96,96,96,19663600,2,-2,97.28571429,97.64285714,98.95238095,0.4879500365,99
FREN.JK,2020-07-21,97,100,95,99,99,94968400,5,2,97,97.57142857,98.52380952,0.5773502692,98
FREN.JK,2020-07-22,100,100,97,98,98,37770800,3,-2,97.28571429,97.71428571,98.23809524,0.9511897312,103
FREN.JK,2020-07-23,99,108,98,103,103,438087700,10,4,97.42857143,97.78571429,98.0952381,0.9759000729,139
FREN.JK,2020-07-24,107,139,106,139,139,2205588000,33,32,98.28571429,98,98.19047619,2.288688541,142
FREN.JK,2020-07-27,143,168,138,142,142,2415778700,30,-1,104.2857143,100.7857143,100.0952381,15.46732347,138
FREN.JK,2020-07-28,142,151,134,138,138,853341600,17,-4,110.7142857,103.9285714,102.047619,20.47530452,153
FREN.JK,2020-07-29,139,157,135,153,153,1524897900,22,14,116.4285714,106.8571429,103.9047619,21.86974427,143
FREN.JK,2020-07-30,156,156,143,143,143,425144200,13,-13,124.5714286,110.7857143,106.5714286,23.54327323,133
FREN.JK,2020-08-03,139,141,133,133,133,139234000,8,-6,130.8571429,114.0714286,108.7619048,21.34969611,132
FREN.JK,2020-08-04,125,137,124,132,132,431996200,13,7,135.8571429,116.6428571,110.4761905,15.73137599,144
FREN.JK,2020-08-05,136,148,135,144,144,843424400,13,8,140,119.1428571,112,7.071067812,146
FREN.JK,2020-08-06,138,152,138,146,146,364580700,14,8,140.7142857,122.5,114.0952381,7.204495951,143
FREN.JK,2020-08-07,147,150,140,143,143,167540500,10,-4,141.2857143,126,116.3809524,7.476948703,133
FREN.JK,2020-08-10,144,149,133,133,133,519498300,16,-11,142,129.2142857,118.5714286,7.348469228,130
FREN.JK,2020-08-11,135,135,124,130,130,784675900,11,-5,139.1428571,131.8571429,120.2380952,6.148944935,128
FREN.JK,2020-08-12,132,133,127,128,128,218484900,6,-4,137.2857143,134.0714286,121.8095238,6.725927091,120
FREN.JK,2020-08-13,128,130,120,120,120,690940500,10,-8,136.5714286,136.2142857,123.2857143,7.480132415,112
FREN.JK,2020-08-14,114,125,112,112,112,997819700,13,-2,134.8571429,137.4285714,124.3809524,9.73701822,105
FREN.JK,2020-08-18,112,113,105,105,105,952167300,8,-7,130.2857143,135.5,125.0952381,11.98212955,100
FREN.JK,2020-08-19,105,110,99,100,100,905304300,11,-5,124.4285714,132.8571429,125.4761905,12.99816837,98
FREN.JK,2020-08-24,102,104,96,98,98,696999000,8,-4,118.2857143,130.1428571,125.5714286,12.91916259,92
FREN.JK,2020-08-25,98,100,92,92,92,947047000,8,-6,113.2857143,126.2142857,125.6666667,13.04753215,106
FREN.JK,2020-08-26,92,108,87,106,106,2446642900,21,14,107.8571429,122.5714286,125.3333333,12.83781616,99
FREN.JK,2020-08-27,110,110,99,99,99,1340014300,11,-11,104.7142857,120.6428571,125.7142857,9.286446858,93
FREN.JK,2020-08-28,94,98,93,93,93,802282200,5,-1,101.7142857,118.2857143,125.5238095,6.499084185,90
FREN.JK,2020-08-31,88,98,88,90,90,641972800,10,2,99,114.6428571,123.3333333,5.354126135,91
FREN.JK,2020-09-01,92,94,89,91,91,293847200,5,-1,96.85714286,110.6428571,120.8571429,5.55063274,92
FREN.JK,2020-09-02,91,96,90,92,92,650234600,6,1,95.57142857,106.9285714,118.6190476,5.740416444,92
FREN.JK,2020-09-03,92,94,90,92,92,341114700,4,0,94.71428571,104,115.7142857,5.765248931,91
FREN.JK,2020-09-04,92,93,89,91,91,281163400,4,-1,94.71428571,101.2857143,113.2857143,5.765248931,90
FREN.JK,2020-09-07,91,92,89,90,90,136769200,3,-1,92.57142857,98.64285714,111.2857143,2.992052966,87
FREN.JK,2020-09-08,91,92,86,87,87,460630800,6,-4,91.28571429,96.5,109.2857143,1.112697281,87
FREN.JK,2020-09-09,87,90,84,87,87,326611400,6,0,90.42857143,94.71428571,106.5714286,1.718249386,81
FREN.JK,2020-09-10,87,88,81,81,81,268853800,7,-6,90,93.42857143,103.7619048,2.160246899,80
FREN.JK,2020-09-11,76,82,76,80,80,541187600,6,4,88.57142857,92.07142857,100.8095238,3.95209408,87
FREN.JK,2020-09-14,82,90,80,87,87,553182200,10,5,86.85714286,90.78571429,98.28571429,4.740906082,85
FREN.JK,2020-09-15,88,90,84,85,85,232696500,6,-3,86.14285714,90.42857143,96.23809524,4.180453382,84
FREN.JK,2020-09-16,86,87,84,84,84,77259100,3,-2,85.28571429,88.92857143,94.19047619,3.59231985,84
FREN.JK,2020-09-17,85,87,83,84,84,85851600,4,-1,84.42857143,87.85714286,92.47619048,2.935821456,79
FREN.JK,2020-09-18,84,85,79,79,79,170071700,6,-5,84,87.21428571,91.14285714,2.708012802,78
FREN.JK,2020-09-21,80,83,77,78,78,159552500,6,-2,82.85714286,86.42857143,89.9047619,2.911389784,77
FREN.JK,2020-09-22,78,78,74,77,77,170558600,4,-1,82.42857143,85.5,88.85714286,3.408672413,75
FREN.JK,2020-09-23,78,80,73,75,75,171688400,7,-3,82,84.42857143,87.85714286,3.915780041,71
FREN.JK,2020-09-24,74,76,70,71,71,177931100,6,-3,80.28571429,83.21428571,87.04761905,3.98807747,77
FREN.JK,2020-09-25,72,81,70,77,77,588131100,11,5,78.28571429,81.78571429,85.38095238,4.680252333,76
FREN.JK,2020-09-28,80,80,76,76,76,125721900,4,-4,77.28571429,80.85714286,84.33333333,3.946064948,75
FREN.JK,2020-09-29,76,80,74,75,75,188762400,6,-1,76.14285714,80.07142857,83.52380952,2.60950643,75
FREN.JK,2020-09-30,75,77,74,75,75,77415200,3,0,75.57142857,79.21428571,82.80952381,2.299068134,80
FREN.JK,2020-10-01,75,82,75,80,80,447909400,7,5,75.14285714,78.78571429,82.04761905,2.035400978,78
FREN.JK,2020-10-02,80,83,77,78,78,267369000,6,-2,75.57142857,78.78571429,81.47619048,2.699206233,77
FREN.JK,2020-10-05,80,80,77,77,77,57272500,3,-3,76,78.14285714,80.80952381,2.828427125,87
FREN.JK,2020-10-06,77,87,77,87,87,691635800,10,10,76.85714286,77.57142857,80.14285714,1.772810521,85
FREN.JK,2020-10-07,87,89,84,85,85,439665800,5,-2,78.28571429,77.78571429,80,4.231401884,83
FREN.JK,2020-10-08,86,87,83,83,83,151641800,4,-3,79.57142857,77.85714286,79.9047619,4.755948656,84
FREN.JK,2020-10-09,83,85,82,84,84,94193900,3,1,80.71428571,78.14285714,79.71428571,4.423960733,83
FREN.JK,2020-10-12,85,85,82,83,83,120748300,3,-2,82,78.57142857,79.85714286,3.741657387,84
FREN.JK,2020-10-13,83,86,80,84,84,445126500,6,1,82.42857143,79,80,3.644957378,83
FREN.JK,2020-10-14,84,87,83,83,83,309150300,4,-1,83.28571429,79.64285714,79.85714286,3.093772547,83
FREN.JK,2020-10-15,84,85,82,83,83,124274200,3,-1,84.14285714,80.5,79.76190476,1.463850109,82
FREN.JK,2020-10-16,83,84,82,82,82,74205800,2,-1,83.57142857,80.92857143,79.71428571,0.7867957925,82
FREN.JK,2020-10-19,83,85,80,82,82,284250500,5,-1,83.14285714,81.35714286,79.61904762,0.6900655593,78
FREN.JK,2020-10-20,82,82,77,78,78,420904400,5,-4,83,81.85714286,79.76190476,0.8164965809,79
FREN.JK,2020-10-21,79,80,78,79,79,99453000,2,0,82.14285714,82.07142857,79.76190476,1.951800146,75
FREN.JK,2020-10-22,79,79,74,75,75,418378900,5,-4,81.57142857,82,79.85714286,2.225394561,73
FREN.JK,2020-10-23,75,76,70,73,73,379749800,6,-2,80.28571429,81.78571429,79.85714286,3.039423504,68
FREN.JK,2020-10-26,73,73,68,68,68,805610300,5,-5,78.85714286,81.5,79.95238095,3.804758925,70
FREN.JK,2020-10-27,68,71,66,70,70,365544400,5,2,76.71428571,80.14285714,79.52380952,5.089672082,67
FREN.JK,2020-11-02,69,71,66,67,67,345868300,5,-2,75,79.07142857,79.23809524,5.033222957,68
FREN.JK,2020-11-03,67,69,67,68,68,89997100,2,1,72.85714286,77.92857143,78.85714286,4.740906082,67
FREN.JK,2020-11-04,68,70,66,67,67,124820000,4,-1,71.42857143,76.78571429,78.52380952,4.429339411,66
FREN.JK,2020-11-05,68,69,64,66,66,591275400,5,-2,69.71428571,75.64285714,77.9047619,3.14718317,64
FREN.JK,2020-11-06,67,67,62,64,64,526431600,5,-3,68.42857143,74.35714286,77.33333333,2.370453041,63
FREN.JK,2020-11-09,62,66,62,63,63,463413300,4,1,67.14285714,73,76.71428571,1.864454471,63
FREN.JK,2020-11-10,64,65,61,63,63,444987300,4,-1,66.42857143,71.57142857,75.57142857,2.370453041,69
FREN.JK,2020-11-11,65,69,63,69,69,1864840400,6,4,65.42857143,70.21428571,74.52380952,2.070196678,65
FREN.JK,2020-11-12,69,70,65,65,65,1700863100,5,-4,65.71428571,69.28571429,73.85714286,2.429971585,61
FREN.JK,2020-11-13,63,65,61,61,61,1658013300,4,-2,65.28571429,68.35714286,72.95238095,2.214669706,62
FREN.JK,2020-11-16,60,63,59,62,62,642757000,4,2,64.42857143,67.07142857,71.9047619,2.572750983,63
FREN.JK,2020-11-17,65,65,61,63,63,525624800,4,-2,63.85714286,66.14285714,70.85714286,2.60950643,65
FREN.JK,2020-11-18,63,67,62,65,65,1161637200,5,2,63.71428571,65.42857143,69.9047619,2.627691364,65
FREN.JK,2020-11-19,65,66,64,65,65,629741000,2,0,64,65.21428571,69.04761905,2.645751311,68
FREN.JK,2020-11-20,66,73,64,68,68,3572010200,9,2,64.28571429,64.85714286,68.23809524,2.627691364,70
FREN.JK,2020-11-23,68,72,68,70,70,1839309100,4,2,64.14285714,64.92857143,67.57142857,2.340126167,74
FREN.JK,2020-11-24,71,77,70,74,74,3158096100,7,3,64.85714286,65.07142857,67.19047619,3.236694375,73
FREN.JK,2020-11-25,76,77,70,73,73,2790811600,7,-3,66.71428571,65.57142857,66.95238095,4.231401884,70
FREN.JK,2020-11-26,73,74,70,70,70,2126593500,4,-3,68.28571429,66.07142857,66.85714286,4.231401884,69
FREN.JK,2020-11-27,70,73,69,69,69,1439738000,4,-1,69.28571429,66.5,66.71428571,3.545621042,67
FREN.JK,2020-11-30,70,71,66,67,67,2577766600,5,-3,69.85714286,66.92857143,66.76190476,3.023715784,68
FREN.JK,2020-12-01,67,70,65,68,68,942013800,5,1,70.14285714,67.21428571,66.61904762,2.544836041,67
FREN.JK,2020-12-02,68,69,66,67,67,732452300,3,-1,70.14285714,67.14285714,66.66666667,2.544836041,65
FREN.JK,2020-12-03,68,68,64,65,65,1047307400,4,-3,69.71428571,67.28571429,66.61904762,2.811540842,67
FREN.JK,2020-12-04,65,69,64,67,67,961425400,5,2,68.42857143,67.57142857,66.52380952,2.572750983,69
FREN.JK,2020-12-07,68,70,66,69,69,2291372100,4,1,67.57142857,67.92857143,66.57142857,1.618347187,78
FREN.JK,2020-12-08,70,84,68,78,78,8458832000,16,8,67.42857143,68.35714286,66.80952381,1.397276262,75
FREN.JK,2020-12-10,80,83,74,75,75,4234638200,9,-5,68.71428571,69.28571429,67.52380952,4.270608298,74
FREN.JK,2020-12-11,75,77,73,74,74,1513244200,4,-1,69.85714286,70,68.0952381,4.775931722,76
FREN.JK,2020-12-14,74,80,74,76,76,4186358900,6,2,70.71428571,70.42857143,68.33333333,4.923220007,75
FREN.JK,2020-12-15,77,77,73,75,75,2154048900,4,-2,72,70.85714286,68.85714286,4.966554809,73
FREN.JK,2020-12-16,76,82,71,73,73,6891566200,11,-3,73.42857143,70.92857143,69.52380952,3.95209408,72
FREN.JK,2020-12-17,73,74,71,72,72,1712290700,3,-1,74.28571429,70.92857143,70.04761905,2.811540842,72
FREN.JK,2020-12-18,73,75,72,72,72,2092008700,3,-1,74.71428571,71.07142857,70.47619048,1.97604704,72
FREN.JK,2020-12-21,74,75,72,72,72,1076225300,3,-2,73.85714286,71.28571429,70.80952381,1.573591585,70
FREN.JK,2020-12-22,73,74,70,70,70,1469799200,4,-3,73.42857143,71.64285714,71.14285714,1.618347187,70
FREN.JK,2020-12-23,70,72,67,70,70,1327955700,5,0,72.85714286,71.78571429,71.23809524,2.035400978,71
FREN.JK,2020-12-28,70,73,69,71,71,618116900,4,1,72,72,71.23809524,1.732050808,70
FREN.JK,2020-12-29,72,72,69,70,70,652380000,3,-2,71.42857143,72.42857143,71.0952381,1.133893419,67
FREN.JK,2020-12-30,70,70,67,67,67,864942800,3,-3,71,72.64285714,70.95238095,1,70
FREN.JK,2021-01-04,67,71,66,70,70,1026169400,5,3,70.28571429,72.5,70.80952381,1.704336206,68
FREN.JK,2021-01-05,70,70,68,68,68,386563200,2,-2,70,71.92857143,70.85714286,1.527525232,68
FREN.JK,2021-01-06,69,69,66,68,68,566155400,3,-1,69.42857143,71.42857143,70.9047619,1.397276262,67
FREN.JK,2021-01-07,68,69,66,67,67,538235100,3,-1,69.14285714,71,70.9047619,1.463850109,67
FREN.JK,2021-01-08,67,69,67,67,67,667505300,2,0,68.71428571,70.35714286,70.9047619,1.603567451,66
FREN.JK,2021-01-11,68,68,66,66,66,643605900,2,-2,68.14285714,69.78571429,71,1.345185418,66
FREN.JK,2021-01-12,67,67,65,66,66,559609800,2,-1,67.57142857,69.28571429,70.95238095,1.272418021,73
FREN.JK,2021-01-13,66,73,64,73,73,2973514600,9,7,67.42857143,68.85714286,70.80952381,1.397276262,70
FREN.JK,2021-01-14,75,76,70,70,70,2513217900,6,-5,67.85714286,68.92857143,70.57142857,2.410295378,68
FREN.JK,2021-01-15,70,71,67,68,68,673346000,4,-2,68.14285714,68.78571429,70.33333333,2.544836041,68
FREN.JK,2021-01-18,68,72,67,68,68,731555400,5,0,68.14285714,68.64285714,70.04761905,2.544836041,66
FREN.JK,2021-01-19,68,69,66,66,66,609174000,3,-2,68.28571429,68.5,69.66666667,2.497617913,67
FREN.JK,2021-01-20,66,68,66,67,67,444325700,2,1,68.14285714,68.14285714,69.23809524,2.60950643,68
FREN.JK,2021-01-21,67,71,67,68,68,872836500,4,1,68.28571429,67.92857143,68.95238095,2.497617913,66
FREN.JK,2021-01-22,68,68,66,66,66,409719700,2,-2,68.57142857,68,68.76190476,2.299068134,62
FREN.JK,2021-01-25,62,66,62,62,62,1311698400,4,0,67.57142857,67.71428571,68.47619048,1.397276262,60
FREN.JK,2021-01-26,62,64,58,60,60,1332697700,6,-2,66.42857143,67.28571429,68,2.149196971,60
FREN.JK,2021-01-27,62,63,59,60,60,718787600,4,-2,65.28571429,66.71428571,67.52380952,3.093772547,56
FREN.JK,2021-01-28,59,60,56,56,56,758868200,4,-3,64.14285714,66.21428571,67.04761905,3.38765265,54
FREN.JK,2021-01-29,56,57,53,54,54,974724800,4,-2,62.71428571,65.42857143,66.33333333,4.423960733,57
FREN.JK,2021-02-01,54,58,51,57,57,671971000,7,3,60.85714286,64.57142857,65.57142857,5.014265364,59
FREN.JK,2021-02-02,58,61,56,59,59,580086100,5,1,59.28571429,63.92857143,65.0952381,4.029652,58
FREN.JK,2021-02-03,59,60,58,58,58,128336100,2,-1,58.28571429,62.92857143,64.57142857,2.751622898,56
FREN.JK,2021-02-04,58,59,56,56,56,173613000,3,-2,57.71428571,62.07142857,64.0952381,2.214669706,57
FREN.JK,2021-02-05,57,58,56,57,57,176852600,2,0,57.14285714,61.21428571,63.52380952,2.035400978,57
FREN.JK,2021-02-08,58,59,57,57,57,261924000,2,-1,56.71428571,60.42857143,63.04761905,1.603567451,58
FREN.JK,2021-02-09,58,60,57,58,58,564542400,3,0,56.85714286,59.78571429,62.57142857,1.573591585,58
FREN.JK,2021-02-10,58,59,57,58,58,126694300,2,0,57.42857143,59.14285714,62.19047619,0.9759000729,58
FREN.JK,2021-02-11,58,59,57,58,58,178116300,2,0,57.57142857,58.42857143,61.80952381,0.9759000729,58
FREN.JK,2021-02-15,58,59,58,58,58,104229800,1,0,57.42857143,57.85714286,61.0952381,0.7867957925,66
FREN.JK,2021-02-16,59,66,58,66,66,1789526600,8,7,57.42857143,57.57142857,60.52380952,0.7867957925,64
FREN.JK,2021-02-17,67,69,63,64,64,1224848400,6,-3,58.85714286,58,60.42857143,3.184785259,63
FREN.JK,2021-02-18,65,66,63,63,63,299609300,3,-2,59.85714286,58.28571429,60.23809524,3.579039509,62
FREN.JK,2021-02-19,63,64,61,62,62,346202000,3,-1,60.71428571,58.78571429,60.0952381,3.498298906,61
FREN.JK,2021-02-22,62,64,59,61,61,599781800,5,-1,61.28571429,59.35714286,59.85714286,3.302235895,66
FREN.JK,2021-02-23,62,66,60,66,66,815783600,6,4,61.71428571,59.64285714,59.52380952,2.984084768,69
FREN.JK,2021-02-24,66,69,64,69,69,1308498900,5,3,62.85714286,60.14285714,59.52380952,2.853569194,78
FREN.JK,2021-02-25,69,79,69,78,78,6820438500,10,9,64.42857143,60.92857143,59.85714286,2.760262237,77
FREN.JK,2021-02-26,76,80,73,77,77,3285619400,7,1,66.14285714,62.5,60.71428571,5.871642911,82
FREN.JK,2021-03-01,77,83,77,82,82,2819377900,6,5,68,63.92857143,61.52380952,7.023769169,81
FREN.JK,2021-03-02,83,85,79,81,81,2705420600,6,-2,70.71428571,65.71428571,62.76190476,8.32094317,86
FREN.JK,2021-03-03,81,86,79,86,86,3296692800,7,5,73.42857143,67.35714286,64.04761905,8.100558476,89
FREN.JK,2021-03-04,86,90,82,89,89,3330091900,8,3,77,69.35714286,65.42857143,7.16472842,87
FREN.JK,2021-03-05,89,89,85,87,87,1455353600,4,-2,80.28571429,71.57142857,66.85714286,6.524678427,83
FREN.JK,2021-03-08,89,90,83,83,83,1322546600,7,-6,82.85714286,73.64285714,68.23809524,4.598136268,88
FREN.JK,2021-03-09,90,94,83,88,88,5428599500,11,-2,83.57142857,74.85714286,69.52380952,4.076646614,91
FREN.JK,2021-03-10,88,91,87,91,91,1377099800,4,3,85.14285714,76.57142857,71,3.132015934,92
FREN.JK,2021-03-12,91,95,91,92,92,1737388500,4,1,86.42857143,78.57142857,72.61904762,3.457221565,91
FREN.JK,2021-03-15,92,93,89,91,91,842047800,4,-1,88,80.71428571,74.23809524,3.055050463,87
FREN.JK,2021-03-16,91,92,86,87,87,1975052300,6,-4,88.71428571,82.85714286,75.80952381,3.093772547,88
FREN.JK,2021-03-17,87,90,85,88,88,1211258900,5,1,88.42857143,84.35714286,77.19047619,3.154739443,83
FREN.JK,2021-03-18,88,89,83,83,83,1956603000,6,-5,88.57142857,85.71428571,78.61904762,3.10145895,81
FREN.JK,2021-03-19,83,83,81,81,81,728141900,2,-2,88.57142857,86.07142857,79.42857143,3.10145895,82
FREN.JK,2021-03-22,81,85,80,82,82,684327600,5,1,87.57142857,86.35714286,80.23809524,4.237025012,79
FREN.JK,2021-03-23,83,85,78,79,79,848998900,7,-4,86.28571429,86.35714286,81.14285714,4.38612531,79
FREN.JK,2021-03-24,79,81,76,79,79,737692700,5,0,84.42857143,86.21428571,81.95238095,4.314979446,78
FREN.JK,2021-03-25,79,80,74,78,78,1286121700,6,-1,82.71428571,85.71428571,82.80952381,3.59231985,80
FREN.JK,2021-03-26,78,81,76,80,80,496845900,5,2,81.42857143,84.92857143,83.38095238,3.408672413,80
FREN.JK,2021-03-29,81,82,79,80,80,309326400,3,-1,80.28571429,84.42857143,83.9047619,1.799470822,78
FREN.JK,2021-03-30,79,81,77,78,78,467517600,4,-1,79.85714286,84.21428571,84,1.345185418,77
FREN.JK,2021-03-31,77,79,76,77,77,306393700,3,0,79.42857143,83.5,84.04761905,1.397276262,80
FREN.JK,2021-04-01,77,80,77,80,80,256955100,3,3,78.71428571,82.5,83.80952381,1.112697281,79
FREN.JK,2021-04-05,80,82,78,79,79,634270700,4,-1,78.85714286,81.64285714,83.76190476,1.214985793,81
FREN.JK,2021-04-06,80,81,78,81,81,396347300,3,1,78.85714286,80.78571429,83.42857143,1.214985793,81
FREN.JK,2021-04-07,81,82,80,81,81,204356500,2,0,79.28571429,80.35714286,83.04761905,1.380131119,85
FREN.JK,2021-04-08,81,87,81,85,85,2152352000,6,4,79.42857143,79.85714286,82.76190476,1.511857892,84
FREN.JK,2021-04-09,85,86,83,84,84,575289800,3,-1,80.14285714,80,82.85714286,2.60950643,80
FREN.JK,2021-04-12,84,85,79,80,80,781919100,6,-4,81,80.21428571,82.66666667,2.768874621,81
FREN.JK,2021-04-13,80,82,79,81,81,335230300,3,1,81.42857143,80.07142857,82.14285714,2.225394561,88
FREN.JK,2021-04-14,81,89,81,88,88,1887240800,8,7,81.57142857,80.21428571,81.61904762,2.149196971,90
FREN.JK,2021-04-15,89,93,88,90,90,1379595700,5,1,82.85714286,80.85714286,81.47619048,2.911389784,95
FREN.JK,2021-04-16,93,97,92,95,95,3295158500,5,2,84.14285714,81.71428571,81.61904762,3.804758925,89
FREN.JK,2021-04-19,98,99,89,89,89,2652792900,10,-9,86.14285714,82.78571429,81.95238095,5.2734736,91
FREN.JK,2021-04-20,89,92,87,91,91,675665900,5,2,86.71428571,83.42857143,82.23809524,5.345224838,91
FREN.JK,2021-04-21,91,92,89,91,91,773045100,3,0,87.71428571,84.35714286,82.71428571,5.407226206,87
FREN.JK,2021-04-22,92,92,87,87,87,1384631500,5,-5,89.28571429,85.35714286,83.14285714,4.270608298,82
FREN.JK,2021-04-23,87,87,81,82,82,1595158300,6,-5,90.14285714,85.85714286,83.52380952,2.60950643,82
FREN.JK,2021-04-26,82,84,79,82,82,528465000,5,0,89.28571429,86.07142857,83.66666667,4.029652,82
FREN.JK,2021-04-27,82,84,81,82,82,406866200,3,0,88.14285714,86.14285714,83.85714286,4.84522347,86
FREN.JK,2021-04-28,82,88,82,86,86,1301613200,6,4,86.28571429,86.21428571,83.95238095,4.231401884,85
FREN.JK,2021-04-29,86,87,85,85,85,285139200,2,-1,85.85714286,86.28571429,84.23809524,4.059087395,84
FREN.JK,2021-04-30,85,86,83,84,84,998729800,3,-1,85,86.35714286,84.57142857,3.366501646,83
FREN.JK,2021-05-03,84,86,82,83,83,597071600,4,-1,84,86.64285714,84.9047619,2.081665999,85
FREN.JK,2021-05-04,83,85,82,85,85,376985000,3,2,83.42857143,86.78571429,85.04761905,1.618347187,85
FREN.JK,2021-05-05,85,87,83,85,85,985499900,4,0,83.85714286,86.57142857,85.33333333,1.573591585,85
FREN.JK,2021-05-06,85,86,84,85,85,425746500,2,0,84.28571429,86.21428571,85.52380952,1.380131119,83
FREN.JK,2021-05-07,85,86,83,83,83,253180400,3,-2,84.71428571,85.5,85.71428571,0.9511897312,83
FREN.JK,2021-05-10,83,84,82,83,83,299221100,2,0,84.28571429,85.07142857,85.61904762,0.9511897312,82
FREN.JK,2021-05-11,83,83,82,82,82,174790000,1,-1,84,84.5,85.57142857,1,77
FREN.JK,2021-05-17,82,82,77,77,77,1018121500,5,-5,83.71428571,83.85714286,85.66666667,1.253566341,78
FREN.JK,2021-05-18,78,79,74,78,78,519255300,5,0,82.85714286,83.14285714,85.47619048,2.853569194,80
FREN.JK,2021-05-19,79,83,78,80,80,785769700,5,1,81.85714286,82.85714286,85,3.184785259,84
FREN.JK,2021-05-20,80,85,80,84,84,865106100,5,4,81.14285714,82.71428571,84.52380952,2.911389784,83
FREN.JK,2021-05-21,85,85,83,83,83,228411500,2,-2,81,82.85714286,84,2.708012802,84
FREN.JK,2021-05-24,83,85,82,84,84,558397700,3,1,81,82.64285714,83.71428571,2.708012802,83
FREN.JK,2021-05-25,85,85,82,83,83,527329400,3,-2,81.14285714,82.57142857,83.38095238,2.853569194,90
FREN.JK,2021-05-27,82,90,82,90,90,1962629200,8,8,81.28571429,82.5,83,2.927700219,89
FREN.JK,2021-05-28,91,93,88,89,89,1236830700,5,-2,83.14285714,83,83.14285714,3.760699023,86
FREN.JK,2021-05-31,92,93,85,86,86,1709751400,8,-6,84.71428571,83.28571429,83.47619048,3.545621042,87
FREN.JK,2021-06-02,87,88,84,87,87,898902600,4,0,85.57142857,83.35714286,83.66666667,2.878491669,89
FREN.JK,2021-06-03,89,92,88,89,89,1238932400,4,0,86,83.5,83.9047619,2.828427125,89
FREN.JK,2021-06-04,89,90,87,89,89,506293800,3,0,86.85714286,83.92857143,84.04761905,2.672612419,87
FREN.JK,2021-06-07,89,90,87,87,87,464059900,3,-2,87.57142857,84.35714286,84.23809524,2.439750182,83
FREN.JK,2021-06-08,87,87,83,83,83,855479500,4,-4,88.14285714,84.71428571,84.38095238,1.463850109,84
FREN.JK,2021-06-09,83,86,82,84,84,395829700,4,1,87.14285714,85.14285714,84.38095238,2.193062655,84
FREN.JK,2021-06-10,84,86,84,84,84,392305300,2,0,86.42857143,85.57142857,84.33333333,2.299068134,84
FREN.JK,2021-06-11,84,85,83,84,84,287667300,2,0,86.14285714,85.85714286,84.28571429,2.478478796,94
FREN.JK,2021-06-14,84,95,84,94,94,3779152600,11,10,85.71428571,85.85714286,84.23809524,2.563479778,96
FREN.JK,2021-06-15,94,101,91,96,96,3716408400,10,2,86.42857143,86.64285714,84.76190476,3.95209408,107
FREN.JK,2021-06-16,96,107,95,107,107,2469185800,12,11,87.42857143,87.5,85.38095238,5.349677338,118
FREN.JK,2021-06-17,106,125,105,118,118,8136777300,20,12,90.28571429,89.21428571,86.57142857,9.105205209,119
FREN.JK,2021-06-18,118,129,113,119,119,5439318500,16,1,95.28571429,91.21428571,88.52380952,13.14932553,126
FREN.JK,2021-06-21,115,128,115,126,126,2828068500,13,11,100.2857143,93.35714286,90.47619048,14.70503639,128
FREN.JK,2021-06-22,127,132,124,128,128,2224272500,8,1,106.2857143,96.21428571,92.66666667,15.49961597,134
FREN.JK,2021-06-23,128,135,128,134,134,1830801400,7,6,112.5714286,99.14285714,94.76190476,13.78232132,131
FREN.JK,2021-06-24,134,137,131,131,131,1329081100,6,-3,118.2857143,102.3571429,97.19047619,13.0730548,128
FREN.JK,2021-06-25,131,134,128,128,128,1418651000,6,-3,123.2857143,105.3571429,99.42857143,9.268482179,121
FREN.JK,2021-06-28,128,130,121,121,121,1695279600,9,-7,126.2857143,108.2857143,101.5714286,5.908025212,123
FREN.JK,2021-06-29,120,126,117,123,123,2663683600,9,3,126.7142857,111,103.047619,5.282495803,118
FREN.JK,2021-06-30,121,124,117,118,118,1279464900,7,-3,127.2857143,113.7857143,104.6666667,4.461475306,118
FREN.JK,2021-07-01,117,121,115,118,118,1152887800,6,1,126.1428571,116.2142857,106.1904762,5.69878851,115
FREN.JK,2021-07-02,116,120,114,115,115,891621400,6,-1,124.7142857,118.6428571,107.6666667,6.369570517,123
FREN.JK,2021-07-05,115,129,114,123,123,3028953400,15,8,122,120.1428571,108.9047619,5.773502692,119
FREN.JK,2021-07-06,123,128,117,119,119,2256946000,11,-4,120.8571429,122.0714286,110.5238095,4.298393941,120
FREN.JK,2021-07-07,119,124,117,120,120,1183154800,7,1,119.5714286,122.9285714,112.047619,2.935821456,118
FREN.JK,2021-07-08,120,122,117,118,118,841600100,5,-2,119.4285714,123.0714286,113.8095238,2.878491669,116
FREN.JK,2021-07-09,117,119,116,116,116,714700200,3,-1,118.7142857,123,115.4285714,2.429971585,114
FREN.JK,2021-07-12,118,118,114,114,114,800794900,4,-4,118.4285714,122.2857143,116.952381,2.6367368,107
FREN.JK,2021-07-13,115,116,107,107,107,1425384300,9,-8,117.8571429,121.2857143,118.3809524,3.132015934,108
FREN.JK,2021-07-14,107,111,103,108,108,842599000,8,1,116.7142857,119.3571429,119,5.154748158,118
FREN.JK,2021-07-15,108,120,108,118,118,1855215000,12,10,114.5714286,117.7142857,119.5714286,5.223572943,112
FREN.JK,2021-07-16,119,119,112,112,112,699076200,7,-7,114.4285714,117,120.0952381,5.094347942,113
FREN.JK,2021-07-19,112,115,108,113,113,374824600,7,1,113.2857143,116.3571429,119.8095238,4.498677054,112
FREN.JK,2021-07-21,114,115,111,112,112,364884100,4,-2,112.5714286,115.6428571,119.5238095,3.994043184,113
FREN.JK,2021-07-22,112,114,111,113,113,343165200,3,1,112,115.2142857,118.8571429,3.696845502,118
FREN.JK,2021-07-23,113,121,112,118,118,1329429100,9,5,111.8571429,114.8571429,118.1428571,3.625307869,121
FREN.JK,2021-07-26,118,124,117,121,121,1164985200,7,3,113.4285714,115.0714286,117.3809524,3.552329886,123
FREN.JK,2021-07-27,122,127,121,123,123,1005403500,6,1,115.2857143,114.9285714,116.9047619,3.638419332,121
FREN.JK,2021-07-28,124,125,120,121,121,414551700,5,-3,116,115.2142857,116.6666667,4.618802154,143
FREN.JK,2021-07-29,122,143,121,143,143,3374063300,22,21,117.2857143,115.2857143,116.6666667,4.572172559,150
FREN.JK,2021-07-30,145,153,140,150,150,3049565700,13,5,121.5714286,117.0714286,117.6190476,10.32564999,157
FREN.JK,2021-08-02,153,167,149,157,157,3259362600,18,4,127,119.5,119.1428571,13.8443731,162
FREN.JK,2021-08-03,157,170,155,162,162,2177198000,15,5,133.2857143,122.5714286,121,16.21433816,154
FREN.JK,2021-08-04,163,167,151,154,154,1562558200,16,-9,139.5714286,126.5,123.2380952,17.75628661,146
FREN.JK,2021-08-05,154,156,144,146,146,1862961700,12,-8,144.2857143,129.7857143,124.7142857,16.3270153,155
FREN.JK,2021-08-06,147,157,144,155,155,1387762000,13,8,147.5714286,131.7857143,126,13.37730843,154
FREN.JK,2021-08-09,156,160,151,154,154,1180223700,9,-2,152.4285714,134.8571429,127.6666667,6.5538066,146
FREN.JK,2021-08-10,154,156,144,146,146,1436067600,12,-8,154,137.7857143,129.3809524,5.066228051,149
FREN.JK,2021-08-12,146,156,146,149,149,1421757000,10,3,153.4285714,140.2142857,130.8095238,5.769377288,139
FREN.JK,2021-08-13,149,150,139,139,139,1166315300,11,-10,152.2857143,142.7857143,132.4761905,5.736267245,131
FREN.JK,2021-08-16,135,138,130,131,131,1994225900,8,-4,149,144.2857143,134,5.830951895,122
FREN.JK,2021-08-18,131,137,122,122,122,3084661100,15,-9,145.7142857,145,135.0952381,8.440266301,123
FREN.JK,2021-08-19,120,127,114,123,123,2735174700,13,3,142.2857143,144.9285714,135.2857143,12.29788987,125
FREN.JK,2021-08-20,123,130,120,125,125,2842375800,10,2,137.7142857,145.0714286,135.8095238,12.72418021,133
FREN.JK,2021-08-23,127,134,126,133,133,2387648400,8,6,133.5714286,143.7857143,136.3809524,11.16329018,130
FREN.JK,2021-08-24,133,135,127,130,130,1681431400,8,-3,131.7142857,142.5714286,137.3809524,9.741907509,136
FREN.JK,2021-08-25,131,137,130,136,136,1970877000,7,5,129,140.6428571,138.1904762,6.08276253,129
FREN.JK,2021-08-26,137,142,128,129,129,2939102700,14,-8,128.5714286,138.7857143,139.047619,5.318431563,126
FREN.JK,2021-08-27,130,132,123,126,126,1149263400,9,-4,128.2857143,137,139.4285714,5.219012861,129
FREN.JK,2021-08-30,128,132,127,129,129,883301600,5,1,128.8571429,135.5714286,139.5714286,4.598136268,134
FREN.JK,2021-08-31,129,134,127,134,134,794265700,7,5,129.7142857,133.7142857,139.952381,3.817254062,126
FREN.JK,2021-09-01,134,135,125,126,126,1238860700,10,-8,131,132.2857143,139.5238095,3.464101615,124
FREN.JK,2021-09-02,125,128,122,124,124,884026500,6,-1,130,130.8571429,138.3809524,3.785938897,128
FREN.JK,2021-09-03,124,128,123,128,128,445066500,5,4,129.1428571,129.0714286,136.8095238,4.413183712,123
FREN.JK,2021-09-06,128,129,123,123,123,766931800,6,-5,128,128.2857143,135.1904762,3.214550254,124
FREN.JK,2021-09-07,123,126,123,124,124,415257000,3,1,127.1428571,127.7142857,133.7142857,3.670993119,117
FREN.JK,2021-09-08,124,125,116,117,117,1347690200,9,-7,126.8571429,127.8571429,132.6666667,3.848314411,115
FREN.JK,2021-09-09,117,120,110,115,115,1778239700,10,-2,125.1428571,127.4285714,130.8571429,5.177791403,117
FREN.JK,2021-09-10,115,118,114,117,117,616453700,4,2,122.4285714,126.7142857,129,4.720774755,115
FREN.JK,2021-09-13,117,118,113,115,115,411927300,5,-2,121.1428571,125.5714286,127.6190476,4.810702354,116
FREN.JK,2021-09-14,115,120,114,116,116,1291583900,6,1,119.8571429,124.5,126,5.113008619,117
FREN.JK,2021-09-15,116,119,114,117,117,856311900,5,1,118.1428571,123.0714286,124.9047619,3.760699023,125
FREN.JK,2021-09-16,117,127,117,125,125,2786394500,10,8,117.2857143,122.2142857,124.2380952,3.093772547,128
FREN.JK,2021-09-17,125,132,122,128,128,2604779600,10,3,117.4285714,122.1428571,124.3809524,3.457221565,121
FREN.JK,2021-09-20,128,130,121,121,121,1390329100,9,-7,119,122.0714286,124.6190476,5.259911279,122
FREN.JK,2021-09-21,121,124,118,122,122,802956500,6,1,119.8571429,121.1428571,124.4285714,4.980915961,119
FREN.JK,2021-09-22,122,124,118,119,119,738381000,6,-3,120.5714286,120.8571429,123.9047619,4.85994317,118
FREN.JK,2021-09-23,120,120,118,118,118,436532600,2,-2,121.1428571,120.5,123.3809524,4.298393941,115
FREN.JK,2021-09-24,118,120,114,115,115,953706300,6,-3,121.4285714,119.7857143,122.5238095,3.95209408,116
FREN.JK,2021-09-27,116,117,112,116,116,815990900,5,0,121.1428571,119.2142857,121.8571429,4.375255095,110
FREN.JK,2021-09-28,116,118,109,110,110,1285039800,9,-6,119.8571429,118.6428571,121.3809524,4.375255095,112
FREN.JK,2021-09-29,109,112,105,112,112,791336800,7,3,117.2857143,118.1428571,120.4761905,4.070801957,112
FREN.JK,2021-09-30,113,114,110,112,112,510147900,4,-1,116,117.9285714,119.4285714,4.123105626,107
FREN.JK,2021-10-01,112,113,107,107,107,839025300,6,-5,114.5714286,117.5714286,118.7619048,3.359421719,105
FREN.JK,2021-10-04,108,109,103,105,105,1334381300,6,-3,112.8571429,117,117.952381,3.760699023,98
FREN.JK,2021-10-05,105,105,98,98,98,2309538000,7,-7,111,116.2142857,116.8571429,4,99
FREN.JK,2021-10-06,94,101,93,99,99,2071064500,8,5,108.5714286,114.8571429,115.6666667,5.883795341,100
FREN.JK,2021-10-07,100,104,99,100,100,1172455700,5,0,106.1428571,113,114.4761905,5.814595756,101
FREN.JK,2021-10-08,100,108,100,101,101,3274971600,8,1,104.7142857,111,113.6666667,5.936168397,95
FREN.JK,2021-10-11,102,105,94,95,95,2010299600,11,-7,103.1428571,109.5714286,113,5.080307452,95
FREN.JK,2021-10-12,97,98,92,95,95,1526826200,6,-2,100.7142857,107.6428571,111.952381,4.111540089,95
FREN.JK,2021-10-13,95,98,94,95,95,711686400,4,0,99,105.9285714,111,3.511884584,94
FREN.JK,2021-10-14,95,96,93,94,94,634552300,3,-1,97.57142857,104.2857143,110,2.572750983,95
FREN.JK,2021-10-15,94,98,94,95,95,816678800,4,1,97,102.7857143,108.9047619,2.886751346,92
FREN.JK,2021-10-18,96,96,92,92,92,1211321900,4,-4,96.42857143,101.2857143,107.4761905,2.819996623,91
FREN.JK,2021-10-19,92,94,90,91,91,1094908100,4,-1,95.28571429,100,105.7619048,2.751622898,85
FREN.JK,2021-10-21,91,92,85,85,85,1578266700,7,-6,93.85714286,98.5,104.3333333,1.67616342,83
FREN.JK,2021-10-22,83,87,81,83,83,1198169800,6,0,92.42857143,96.57142857,102.5714286,3.644957378,90
FREN.JK,2021-10-25,84,91,83,90,90,2068489400,8,6,90.71428571,94.85714286,100.8571429,4.855041562,96
FREN.JK,2021-10-26,91,98,87,96,96,2437091300,11,5,90,93.78571429,99.52380952,4.472135955,100
FREN.JK,2021-10-27,95,101,95,100,100,2262175200,6,5,90.28571429,93.64285714,98.61904762,4.820590756,102
FREN.JK,2021-10-28,100,103,99,102,102,1826050200,4,2,91,93.71428571,97.85714286,5.887840578,108
FREN.JK,2021-10-29,103,108,102,108,108,1984456300,6,5,92.42857143,93.85714286,97.47619048,7.230886134,112
FREN.JK,2021-11-01,107,115,103,112,112,2610142300,12,5,94.85714286,94.35714286,97.28571429,9.245333443,110
FREN.JK,2021-11-02,112,117,110,110,110,1580892100,7,-2,98.71428571,95.57142857,97.28571429,10.04513623,108
FREN.JK,2021-11-03,113,113,104,108,108,1784780600,9,-5,102.5714286,96.64285714,97.42857143,7.97615494,109
FREN.JK,2021-11-04,108,112,108,109,109,1191861900,4,1,105.1428571,97.57142857,97.57142857,5.871642911,107
FREN.JK,2021-11-05,110,110,106,107,107,562137600,4,-3,107,98.64285714,98.0952381,4.358898944,113
FREN.JK,2021-11-08,101,114,101,113,113,1169658500,13,12,108,99.5,98.47619048,3.109126351,117
FREN.JK,2021-11-09,113,118,111,117,117,1559264200,7,4,109.5714286,101,99.0952381,2.225394561,115
FREN.JK,2021-11-10,118,118,115,115,115,707220000,3,-3,110.8571429,102.8571429,99.85714286,3.436498772,113
FREN.JK,2021-11-11,115,117,113,113,113,815794800,4,-2,111.2857143,105,100.8095238,3.773340064,114
FREN.JK,2021-11-12,114,117,111,114,114,881616800,6,0,111.7142857,107.1428571,101.6666667,3.773340064,107
FREN.JK,2021-11-15,114,115,107,107,107,973316900,8,-7,112.5714286,108.8571429,102.5714286,3.457221565,102
FREN.JK,2021-11-16,107,108,100,102,102,1189206000,8,-5,112.2857143,109.6428571,103.1904762,3.860668583,104
FREN.JK,2021-11-17,102,106,100,104,104,1053429400,6,2,111.5714286,109.7857143,103.5238095,5.223572943,101
FREN.JK,2021-11-18,104,105,100,101,101,661648000,5,-3,110.2857143,109.9285714,104.0952381,5.879747322,102
FREN.JK,2021-11-19,102,104,101,102,102,452248200,3,0,108,109.4285714,104.5714286,5.944184833,95
FREN.JK,2021-11-22,104,104,95,95,95,1677518800,9,-9,106.1428571,108.7142857,105.3809524,5.398412465,94
FREN.JK,2021-11-23,96,98,91,94,94,1184038900,7,-2,103.5714286,107.6428571,105.952381,5.855400438,94
FREN.JK,2021-11-24,95,96,93,94,94,337015600,3,-1,100.7142857,106.6428571,106.1428571,4.680252333,95
FREN.JK,2021-11-25,94,96,94,95,95,366924200,2,1,98.85714286,105.5714286,106.047619,4.33699479,89
FREN.JK,2021-11-26,96,96,89,89,89,1395179600,7,-7,97.85714286,104.7142857,105.8095238,4.298393941,90
FREN.JK,2021-11-29,89,92,86,90,90,676265000,6,1,95.71428571,103,105.1904762,4.461475306,88
FREN.JK,2021-11-30,90,96,87,88,88,1986977500,9,-2,94.14285714,101.0714286,104.3333333,4.220133151,86
FREN.JK,2021-12-01,89,91,85,86,86,814721400,6,-3,92.14285714,99.14285714,103.1904762,3.023715784,89
FREN.JK,2021-12-02,86,90,86,89,89,345309100,4,3,90.85714286,97.21428571,102.047619,3.484660262,89
FREN.JK,2021-12-03,88,90,88,89,89,174590100,2,1,90.14285714,95.42857143,101.1428571,3.236694375,86
FREN.JK,2021-12-06,89,90,85,86,86,574639600,5,-3,89.42857143,94.14285714,100.1904762,2.760262237,86
FREN.JK,2021-12-07,87,88,86,86,86,298012000,2,-1,88.14285714,93,99.19047619,1.573591585,84
FREN.JK,2021-12-08,86,88,83,84,84,1043048500,5,-2,87.71428571,91.71428571,97.9047619,1.704336206,86
FREN.JK,2021-12-09,84,88,84,86,86,906959300,4,2,86.85714286,90.5,96.33333333,1.864454471,93
FREN.JK,2021-12-10,86,93,86,93,93,1709721500,7,7,86.57142857,89.35714286,94.95238095,1.812653934,90
FREN.JK,2021-12-13,93,98,89,90,90,2295591200,9,-3,87.57142857,89.21428571,94,2.992052966,91
FREN.JK,2021-12-14,90,92,88,91,91,864957700,4,1,87.71428571,88.92857143,92.85714286,3.093772547,88
FREN.JK,2021-12-15,92,92,88,88,88,499139100,4,-4,88,88.71428571,92.0952381,3.31662479,89
FREN.JK,2021-12-16,88,91,87,89,89,361581300,4,1,88.28571429,88.21428571,91.42857143,3.199702367,88
FREN.JK,2021-12-17,88,90,85,88,88,527449400,5,0,88.71428571,88.21428571,90.71428571,3.039423504,85
FREN.JK,2021-12-20,88,88,83,85,85,1001374300,5,-3,89.28571429,88.07142857,90.0952381,2.288688541,85
FREN.JK,2021-12-21,85,86,84,85,85,313272500,2,0,89.14285714,87.85714286,89.28571429,2.544836041,85
FREN.JK,2021-12-22,85,88,85,85,85,455978500,3,0,88,87.78571429,88.80952381,2.309401077,85
FREN.JK,2021-12-23,85,87,84,85,85,278032900,3,0,87.28571429,87.5,88.38095238,2.360387377,86
FREN.JK,2021-12-24,85,88,85,86,86,329026000,3,1,86.42857143,87.21428571,87.95238095,1.812653934,88
FREN.JK,2021-12-27,87,89,86,88,88,484638500,3,1,86.14285714,87.21428571,87.52380952,1.67616342,87
FREN.JK,2021-12-28,88,90,86,87,87,658312400,4,-1,86,87.35714286,87.47619048,1.414213562,87
FREN.JK,2021-12-29,88,89,86,87,87,319535100,3,-1,85.85714286,87.57142857,87.33333333,1.214985793,87
FREN.JK,2021-12-30,87,89,87,87,87,429184900,2,0,86.14285714,87.64285714,87.28571429,1.214985793,91
FREN.JK,2022-01-03,86,91,86,91,91,662578600,5,5,86.42857143,87.21428571,87.33333333,1.133893419,89
FREN.JK,2022-01-04,91,92,89,89,89,460793700,3,-2,87.28571429,87.28571429,87.42857143,1.889822365,88
FREN.JK,2022-01-05,89,91,88,88,88,317831400,3,-1,87.85714286,87.14285714,87.42857143,1.67616342,86
FREN.JK,2022-01-06,88,88,83,86,86,1069169200,5,-2,88.14285714,87.14285714,87.52380952,1.463850109,85
FREN.JK,2022-01-07,86,87,84,85,85,363138000,3,-1,87.85714286,86.92857143,87.52380952,1.67616342,85
FREN.JK,2022-01-10,85,86,84,85,85,411124500,2,0,87.57142857,86.71428571,87.57142857,1.988059595,85
FREN.JK,2022-01-11,85,86,84,85,85,457676600,2,0,87.28571429,86.71428571,87.52380952,2.214669706,87
FREN.JK,2022-01-12,85,88,85,87,87,548622700,3,2,87,86.71428571,87.14285714,2.380476143,95
FREN.JK,2022-01-13,88,96,87,95,95,2330837200,9,7,86.42857143,86.85714286,87,1.618347187,92
FREN.JK,2022-01-14,97,97,91,92,92,985618400,6,-5,87.28571429,87.57142857,87.19047619,3.59231985,90
FREN.JK,2022-01-17,93,93,90,90,90,520229400,3,-3,87.85714286,88,87.38095238,4.01781746,90
FREN.JK,2022-01-18,90,92,87,90,90,663436200,5,0,88.42857143,88.14285714,87.42857143,3.994043184,87
FREN.JK,2022-01-19,89,91,87,87,87,511919300,4,-2,89.14285714,88.35714286,87.52380952,3.716116765,87
FREN.JK,2022-01-20,87,89,86,87,87,401446300,3,0,89.42857143,88.35714286,87.61904762,3.408672413,87
FREN.JK,2022-01-21,87,88,85,87,87,444910100,3,0,89.71428571,88.35714286,87.71428571,3.039423504,86
FREN.JK,2022-01-24,86,87,85,86,86,583986900,2,0,89.71428571,88.07142857,87.80952381,3.039423504,80
FREN.JK,2022-01-25,86,87,80,80,80,1826056400,7,-6,88.42857143,87.85714286,87.85714286,2.225394561,82
FREN.JK,2022-01-26,81,82,77,82,82,1074386200,5,1,86.71428571,87.28571429,87.57142857,3.352326839,79
FREN.JK,2022-01-27,82,82,78,79,79,488478500,4,-3,85.57142857,87,87.28571429,3.408672413,80
FREN.JK,2022-01-28,80,81,78,80,80,283774100,3,0,84,86.57142857,86.9047619,3.559026084,81
FREN.JK,2022-01-31,80,82,80,81,81,207823400,2,1,83,86.21428571,86.57142857,3.559026084,81
FREN.JK,2022-02-02,82,83,81,81,81,286021600,2,-1,82.14285714,85.92857143,86.28571429,3.132015934,79
FREN.JK,2022-02-03,81,82,79,79,79,280337600,3,-2,81.28571429,85.5,85.80952381,2.288688541,80
FREN.JK,2022-02-04,79,81,79,80,80,306507900,2,1,80.28571429,84.35714286,85.33333333,1.112697281,83
FREN.JK,2022-02-07,82,85,79,83,83,804660200,6,1,80.28571429,83.5,84.95238095,1.112697281,82
FREN.JK,2022-02-08,83,85,81,82,82,612945800,4,-1,80.42857143,83,84.80952381,1.397276262,86
FREN.JK,2022-02-09,84,87,82,86,86,703314600,5,2,80.85714286,82.42857143,84.66666667,1.345185418,86
FREN.JK,2022-02-10,87,88,86,86,86,599423300,2,-1,81.71428571,82.35714286,84.71428571,2.288688541,85
FREN.JK,2022-02-11,86,87,84,85,85,243396400,3,-1,82.42857143,82.28571429,84.76190476,2.760262237,83
FREN.JK,2022-02-14,85,85,82,83,83,432954000,3,-2,83,82.14285714,84.66666667,2.828427125,82
FREN.JK,2022-02-15,83,84,82,82,82,248150800,2,-1,83.57142857,81.92857143,84.0952381,2.225394561,84
FREN.JK,2022-02-16,82,85,82,84,84,262500900,3,2,83.85714286,82.07142857,83.61904762,1.772810521,83
FREN.JK,2022-02-17,84,85,83,83,83,165005100,2,-1,84,82.21428571,83.33333333,1.732050808,84
FREN.JK,2022-02-18,83,84,82,84,84,161546800,2,1,84.14285714,82.5,83,1.573591585,83
FREN.JK,2022-02-21,84,84,82,83,83,200182900,2,-1,83.85714286,82.78571429,82.85714286,1.345185418,80
FREN.JK,2022-02-22,82,83,80,80,80,586436700,3,-2,83.42857143,82.92857143,82.66666667,0.9759000729,81
FREN.JK,2022-02-23,80,82,80,81,81,236390000,2,1,82.71428571,82.85714286,82.33333333,1.380131119,78
FREN.JK,2022-02-24,81,81,76,78,78,1389185200,5,-3,82.42857143,83,82.0952381,1.511857892,79
FREN.JK,2022-02-25,79,81,78,79,79,448864800,3,0,81.85714286,82.85714286,82,2.267786838,81
FREN.JK,2022-03-01,80,83,80,81,81,587995600,3,1,81.14285714,82.57142857,81.85714286,2.267786838,80
FREN.JK,2022-03-02,81,82,79,80,80,203473800,3,-1,80.85714286,82.5,81.95238095,2.115700942,79
FREN.JK,2022-03-04,80,80,78,79,79,273899000,2,-1,80.28571429,82.07142857,81.95238095,1.603567451,76
FREN.JK,2022-03-07,79,79,75,76,76,643690500,4,-3,79.71428571,81.57142857,81.85714286,1.112697281,77
FREN.JK,2022-03-08,76,77,75,77,77,398830000,2,1,79.14285714,80.92857143,81.61904762,1.772810521,77
FREN.JK,2022-03-09,77,79,76,77,77,307127100,3,0,78.57142857,80.5,81.52380952,1.718249386,80
FREN.JK,2022-03-10,77,81,77,80,80,750881900,4,3,78.42857143,80.14285714,81.38095238,1.812653934,81
FREN.JK,2022-03-11,80,81,79,81,81,150646500,2,1,78.57142857,79.85714286,81.23809524,1.902379462,81
FREN.JK,2022-03-14,81,82,79,81,81,369444000,3,0,78.57142857,79.71428571,81.19047619,1.902379462,80
FREN.JK,2022-03-15,81,82,80,80,80,300027800,2,-1,78.71428571,79.5,80.95238095,2.058663459,80
FREN.JK,2022-03-16,81,81,79,80,80,293392500,2,-1,78.85714286,79.28571429,80.66666667,2.115700942,79
FREN.JK,2022-03-17,81,82,79,79,79,487653100,3,-2,79.42857143,79.28571429,80.42857143,1.718249386,79
FREN.JK,2022-03-18,79,80,78,79,79,413246900,2,0,79.71428571,79.14285714,80.23809524,1.380131119,78
FREN.JK,2022-03-21,79,80,78,78,78,251955100,2,-1,80,79.21428571,80.0952381,0.8164965809,79
FREN.JK,2022-03-22,79,79,78,79,79,102324900,1,0,79.71428571,79.14285714,79.80952381,1.112697281,76
FREN.JK,2022-03-23,79,79,75,76,76,1752858700,4,-3,79.42857143,79,79.61904762,0.9759000729,71
FREN.JK,2022-03-24,76,77,71,71,71,2808442000,6,-5,78.71428571,78.71428571,79.23809524,1.380131119,68
FREN.JK,2022-03-25,72,72,68,68,68,1192012100,4,-4,77.42857143,78.14285714,78.66666667,3.10145895,72
FREN.JK,2022-03-28,69,73,68,72,72,1644609700,5,3,75.71428571,77.57142857,78.0952381,4.461475306,73
FREN.JK,2022-03-29,72,75,72,73,73,1345906500,3,1,74.71428571,77.21428571,77.66666667,4.38612531,78
FREN.JK,2022-03-30,73,78,73,78,78,1528600900,5,5,73.85714286,76.92857143,77.42857143,3.97611919,77
FREN.JK,2022-03-31,79,80,76,77,77,1373193600,4,-2,73.85714286,76.78571429,77.38095238,3.97611919,73
FREN.JK,2022-04-01,77,78,73,73,73,1170217900,5,-4,73.57142857,76.5,77.19047619,3.598941643,78
FREN.JK,2022-04-04,74,79,73,78,78,818108000,6,4,73.14285714,75.92857143,76.85714286,3.436498772,77
FREN.JK,2022-04-05,78,79,76,77,77,841650500,3,-1,74.14285714,75.78571429,76.80952381,3.716116765,77
FREN.JK,2022-04-06,77,79,76,77,77,638976100,3,0,75.42857143,75.57142857,76.85714286,2.6367368,82
FREN.JK,2022-04-07,78,82,76,82,82,1642462200,6,4,76.14285714,75.42857143,76.85714286,2.193062655,82
FREN.JK,2022-04-08,83,84,82,82,82,1236994800,2,-1,77.42857143,75.64285714,77.0952381,2.6367368,83
FREN.JK,2022-04-11,82,83,81,83,83,618979600,2,1,78,75.92857143,77.19047619,3.16227766,84
FREN.JK,2022-04-12,83,85,81,84,84,909177400,4,1,78.85714286,76.21428571,77.28571429,3.625307869,85
FREN.JK,2022-04-13,85,86,84,85,85,774989000,2,0,80.42857143,76.78571429,77.42857143,2.992052966,88
FREN.JK,2022-04-14,87,89,85,88,88,1362377400,4,1,81.42857143,77.78571429,77.66666667,3.207134903,87
FREN.JK,2022-04-18,88,89,86,87,87,578387000,3,-1,83,79.21428571,78.04761905,3.366501646,85
FREN.JK,2022-04-19,87,89,85,85,85,660296500,4,-2,84.42857143,80.28571429,78.42857143,2.370453041,89
FREN.JK,2022-04-20,85,89,84,89,89,1256073600,5,4,84.85714286,81.14285714,78.71428571,2.115700942,88
FREN.JK,2022-04-21,89,89,87,88,88,588892800,2,-1,85.85714286,81.92857143,79.23809524,2.193062655,87
FREN.JK,2022-04-22,88,89,85,87,87,723564800,4,-1,86.57142857,82.71428571,79.66666667,1.902379462,83
FREN.JK,2022-04-25,87,87,82,83,83,1585239800,5,-4,87,83.71428571,80.19047619,1.527525232,85
FREN.JK,2022-04-26,83,86,81,85,85,850988600,5,2,86.71428571,84.07142857,80.76190476,2.058663459,84
FREN.JK,2022-04-27,85,85,82,84,84,473650500,3,-1,86.28571429,84.64285714,81.57142857,2.058663459,83
FREN.JK,2022-04-28,84,84,82,83,83,200520300,2,-1,85.85714286,85.14285714,82.14285714,2.193062655,78
FREN.JK,2022-05-09,83,83,78,78,78,885235700,5,-5,85.57142857,85.21428571,82.61904762,2.439750182,75
FREN.JK,2022-05-10,78,78,73,75,75,996296600,5,-3,84,84.92857143,82.61904762,3.265986324,75
FREN.JK,2022-05-11,75,78,74,75,75,359603000,4,0,82.14285714,84.35714286,82.52380952,4.180453382,71
FREN.JK,2022-05-12,75,76,71,71,71,729314600,5,-4,80.42857143,83.71428571,82.61904762,4.314979446,75
FREN.JK,2022-05-13,71,77,71,75,75,679903600,6,4,78.71428571,82.71428571,82.28571429,5.3763149,80
FREN.JK,2022-05-17,73,80,73,80,80,547430200,7,7,77.28571429,81.78571429,82.19047619,4.715728495,78
FREN.JK,2022-05-18,80,80,77,78,78,150611400,3,-2,76.71428571,81.28571429,82.33333333,3.946064948,77
FREN.JK,2022-05-19,77,78,75,77,77,208241400,3,0,76,80.78571429,82.14285714,2.943920289,78
FREN.JK,2022-05-20,77,79,76,78,78,140183300,3,1,75.85714286,79.92857143,81.9047619,2.853569194,77
FREN.JK,2022-05-23,78,79,76,77,77,93257400,3,-1,76.28571429,79.21428571,81.66666667,2.927700219,77
FREN.JK,2022-05-24,77,79,76,77,77,136432300,3,0,76.57142857,78.5,81.33333333,2.878491669,78
FREN.JK,2022-05-25,77,81,77,78,78,573588200,4,1,77.42857143,78.07142857,80.95238095,1.511857892,77
FREN.JK,2022-05-27,78,80,77,77,77,194968900,3,-1,77.85714286,77.57142857,80.47619048,1.069044968,81
FREN.JK,2022-05-30,78,82,78,81,81,1032670600,4,3,77.42857143,77.07142857,80,0.5345224838,80
FREN.JK,2022-05-31,82,82,79,80,80,436043800,3,-2,77.85714286,76.92857143,79.80952381,1.463850109,80
FREN.JK,2022-06-02,82,82,79,80,80,236787400,3,-2,78.28571429,77.07142857,79.38095238,1.603567451,86
FREN.JK,2022-06-03,80,87,78,86,86,2081890700,9,6,78.57142857,77.42857143,79,1.718249386,89
FREN.JK,2022-06-06,86,90,85,89,89,1712078000,5,3,79.85714286,78.21428571,78.95238095,3.132015934,87
FREN.JK,2022-06-07,88,91,86,87,87,1272259700,5,-1,81.57142857,79.5,79.23809524,4.353433237,84
FREN.JK,2022-06-08,87,88,83,84,84,952552300,5,-3,82.85714286,80.35714286,79.33333333,4.450789122,85
FREN.JK,2022-06-09,85,86,83,85,85,534454600,3,0,83.85714286,80.64285714,79.33333333,3.625307869,84
FREN.JK,2022-06-10,85,85,82,84,84,356286800,3,-1,84.42857143,81.14285714,79.42857143,3.408672413,80
FREN.JK,2022-06-13,82,82,79,80,80,543638600,3,-2,85,81.64285714,79.71428571,2.828427125,82
FREN.JK,2022-06-14,80,83,79,82,82,444387800,4,2,85,81.78571429,79.95238095,2.828427125,83
FREN.JK,2022-06-15,82,84,81,83,83,328296000,3,1,84.42857143,82.14285714,80.28571429,2.992052966,82
FREN.JK,2022-06-16,83,85,81,82,82,359917800,4,-1,83.57142857,82.57142857,80.85714286,2.225394561,81
FREN.JK,2022-06-17,81,82,80,81,81,255631500,2,0,82.85714286,82.85714286,81.19047619,1.67616342,81
FREN.JK,2022-06-20,81,81,79,81,81,273670800,2,0,82.42857143,83.14285714,81.23809524,1.718249386,86
FREN.JK,2022-06-21,81,87,80,86,86,827984800,7,5,81.85714286,83.14285714,81.38095238,1.345185418,84
FREN.JK,2022-06-22,86,87,83,84,84,830626000,4,-2,82.14285714,83.57142857,81.80952381,1.951800146,88
FREN.JK,2022-06-23,84,90,84,88,88,1522302700,6,4,82.71428571,83.85714286,82.0952381,1.799470822,91
FREN.JK,2022-06-24,88,92,87,91,91,2254887800,5,3,83.57142857,84,82.61904762,2.6367368,92
FREN.JK,2022-06-27,91,93,90,92,92,948171200,3,1,84.71428571,84.14285714,83.28571429,3.817254062,90
FREN.JK,2022-06-28,91,92,88,90,90,590165400,4,-1,86.14285714,84.5,83.95238095,4.450789122,88
FREN.JK,2022-06-29,89,91,88,88,88,330577100,3,-1,87.42857143,84.92857143,84.57142857,3.994043184,83
FREN.JK,2022-06-30,88,90,83,83,83,1179328600,7,-5,88.42857143,85.14285714,84.9047619,2.819996623,82
FREN.JK,2022-07-01,100,100,82,82,82,681384700,18,-18,88,85.07142857,85.04761905,3.415650255,82
FREN.JK,2022-07-04,82,83,79,82,82,740896300,4,0,87.71428571,85.21428571,85.14285714,3.860668583,81
FREN.JK,2022-07-05,82,84,81,81,81,377081100,3,-1,86.85714286,85.21428571,84.95238095,4.413183712,81
FREN.JK,2022-07-06,82,82,79,81,81,437676900,3,-1,85.42857143,85.07142857,84.57142857,4.466808811,83
FREN.JK,2022-07-07,81,84,81,83,83,501436100,3,2,83.85714286,85,84.28571429,3.625307869,81
FREN.JK,2022-07-08,83,83,81,81,81,484101600,2,-2,82.85714286,85.14285714,84.23809524,2.410295378,82
FREN.JK,2022-07-11,81,84,81,82,82,541927900,3,1,81.85714286,85.14285714,84.04761905,0.8997354108,82
FREN.JK,2022-07-12,84,90,80,82,82,965346700,10,-2,81.71428571,84.85714286,83.95238095,0.755928946,82
FREN.JK,2022-07-13,82,88,81,82,82,2255609900,7,0,81.71428571,84.71428571,84.04761905,0.755928946,83
FREN.JK,2022-07-14,83,84,81,83,83,378552800,3,0,81.71428571,84.28571429,84.04761905,0.755928946,82
FREN.JK,2022-07-15,83,84,82,82,82,312065600,2,-1,82,83.71428571,84.04761905,0.8164965809,83
FREN.JK,2022-07-18,83,84,81,83,83,253195000,3,0,82.14285714,83,84.04761905,0.6900655593,83
FREN.JK,2022-07-19,83,83,81,83,83,198345400,2,0,82.14285714,82.5,84.14285714,0.6900655593,84
FREN.JK,2022-07-20,83,84,82,84,84,264582500,2,1,82.42857143,82.14285714,84.23809524,0.5345224838,87
FREN.JK,2022-07-21,84,89,84,87,87,970401800,5,3,82.71428571,82.21428571,84.14285714,0.755928946,87
FREN.JK,2022-07-22,86,89,86,87,87,308898000,3,1,83.42857143,82.57142857,84.28571429,1.718249386,87
FREN.JK,2022-07-25,87,88,86,87,87,183050600,2,0,84.14285714,82.92857143,84.23809524,2.035400978,98
FREN.JK,2022-07-26,87,99,86,98,98,4205249800,13,11,84.71428571,83.35714286,84.04761905,2.214669706,96
FREN.JK,2022-07-27,99,101,93,96,96,3530313800,8,-3,87,84.57142857,84.33333333,5.196152423,99
FREN.JK,2022-07-28,99,102,95,99,99,2534691000,7,0,88.85714286,85.5,84.61904762,5.814595756,98
FREN.JK,2022-07-29,99,101,97,98,98,985473900,4,-1,91.14285714,86.78571429,85.14285714,6.256425269,100
FREN.JK,2022-08-01,99,100,95,100,100,1515265600,5,1,93.14285714,87.92857143,85.85714286,5.814595756,96
FREN.JK,2022-08-02,100,101,96,96,96,984172000,5,-4,95,89.21428571,86.71428571,5.597618541,104
FREN.JK,2022-08-03,97,105,95,104,104,2621806100,10,7,96.28571429,90.21428571,87.38095238,4.34796066,103
FREN.JK,2022-08-04,104,106,102,103,103,1064144300,4,-1,98.71428571,91.71428571,88.47619048,2.751622898,109
FREN.JK,2022-08-05,103,110,103,109,109,1295906000,7,6,99.42857143,93.21428571,89.52380952,3.154739443,104
FREN.JK,2022-08-08,110,113,102,104,104,1892189200,11,-6,101.2857143,95.07142857,90.76190476,4.38612531,105
FREN.JK,2022-08-09,104,107,101,105,105,1419655200,6,1,102,96.57142857,91.85714286,4.358898944,103
FREN.JK,2022-08-10,105,107,102,103,103,872762200,5,-2,103,98.07142857,92.95238095,4.082482905,106
FREN.JK,2022-08-11,104,106,104,106,106,643564800,2,2,103.4285714,99.21428571,93.95238095,3.866830867,105
FREN.JK,2022-08-12,106,107,102,105,105,760252500,5,-1,104.8571429,100.5714286,95.0952381,2.115700942,114
FREN.JK,2022-08-15,106,115,106,114,114,2695246700,9,8,105,101.8571429,96.14285714,2.081665999,110
FREN.JK,2022-08-16,113,116,108,110,110,1828806400,8,-3,106.5714286,103,97.66666667,3.77964473,106
FREN.JK,2022-08-18,109,112,105,106,106,1127272300,7,-3,106.7142857,104,98.95238095,3.903600292,105
FREN.JK,2022-08-19,107,108,104,105,105,870485900,4,-2,107,104.5,100.047619,3.741657387,98
FREN.JK,2022-08-22,104,105,98,98,98,1547106700,7,-6,107,105,101.047619,3.741657387,99
FREN.JK,2022-08-23,92,100,92,99,99,3505801300,8,7,106.2857143,104.8571429,101.5714286,4.923220007,96
FREN.JK,2022-08-24,100,101,94,96,96,1477249800,7,-4,105.2857143,105.0714286,102.1428571,5.648430039,94
FREN.JK,2022-08-25,95,97,94,94,94,633120200,3,-1,104,104.5,102.5714286,6.658328118,99
FREN.JK,2022-08-26,94,99,93,99,99,1121692400,6,5,101.1428571,103.8571429,102.3809524,5.899959645,94
FREN.JK,2022-08-29,96,97,93,94,94,1971065500,4,-2,99.57142857,103.1428571,102.5238095,4.429339411,98
FREN.JK,2022-08-30,95,99,94,98,98,1196773300,5,3,97.85714286,102.4285714,102.2857143,3.804758925,99
FREN.JK,2022-08-31,98,104,97,99,99,1889124600,7,1,96.85714286,101.9285714,102.2857143,2.193062655,97
FREN.JK,2022-09-01,99,100,96,97,97,637916300,4,-2,97,101.6428571,102.2380952,2.309401077,97
FREN.JK,2022-09-02,97,101,96,97,97,732434100,5,0,96.71428571,101,102.2857143,2.138089935,99
FREN.JK,2022-09-05,97,100,97,99,99,447034800,3,2,96.85714286,100.4285714,101.952381,2.115700942,97
FREN.JK,2022-09-06,99,100,96,97,97,498615100,4,-2,97.57142857,99.35714286,101.7619048,1.812653934,95
FREN.JK,2022-09-07,98,98,94,95,95,478430700,4,-3,97.28571429,98.42857143,101.1904762,1.704336206,97
FREN.JK,2022-09-08,96,98,95,97,97,531936500,3,1,97.42857143,97.64285714,100.7619048,1.397276262,93
FREN.JK,2022-09-09,97,97,93,93,93,1049383200,4,-4,97.28571429,97.07142857,100.3809524,1.380131119,88
FREN.JK,2022-09-12,93,95,87,88,88,3288616000,8,-5,96.42857143,96.71428571,99.9047619,1.902379462,85
FREN.JK,2022-09-13,88,89,85,85,85,968271600,4,-3,95.14285714,95.92857143,99.04761905,3.670993119,85
FREN.JK,2022-09-14,84,86,82,85,85,828044600,4,1,93.42857143,95.14285714,98.0952381,5.15936504,84
FREN.JK,2022-09-15,86,86,83,84,84,593069800,3,-2,91.42857143,94.5,96.71428571,5.349677338,82
FREN.JK,2022-09-16,84,84,81,82,82,618560400,3,-2,89.57142857,93.42857143,95.47619048,5.349677338,0